,url,title,author,release_time,content
0,http://toutiao.com/group/6809976122155991556/,中国十大港口,孤单的人孤单的歌,2020-03-30 20:53:30,"宁波舟山港
宁波港的前身是宁波港务局。宁波港由北仑港区、镇海港区、宁波港区、大榭港区、穿山港区组成，是一个集内河港、河口港和海港于一体的多功能、综合性的现代化深水大港。现有生产性泊位309座，其中万吨级以上深水泊位60座。最大的有25万吨级原油码头，20万吨级（可兼靠30万吨船）的卸矿码头，第六代国际集装箱专用泊位以及5万吨级液体化工专用泊位；已与世界上100多个国家和地区的600多个港口通航。

上海港
上海港，是中国上海市港口，位于中国大陆海岸线中部、长江入海口处，前通中国南北沿海和世界大洋，后贯长江流域和江浙皖内河、太湖流域 。截至2005年，上海港水域面积3620.2平方公里。其中长江口水域3580平方公里；黄浦江水域33平方公里，港区陆域7.2平方公里。海港港区陆域由长江口南岸港区、杭州湾北岸港区、黄浦江港区、洋山深水港区组成 。截至2016年底，上海港已经与全球214个国家和地区的500多个港口建立了集装箱货物贸易往来，拥有国际航线80多条 。2016年，上海港完成货物吞吐量7.02亿吨，完成集装箱吞吐量3713万标准箱 。2018年，上海港港口货物吞吐量世界排名第二。

唐山港
唐山港是河北省、北京市、华北及西北部分地区经济发展和对外开放的重要窗口之一。地处渤海湾北岸，沿大沽口至秦皇岛海岸的岬角上，大清河口与滦河口之间。唐山港通航以来，重点强化了煤炭、钢铁、矿石等优势货种的运输，同时发展了汽车、机电产品、化工产品等新货种的运输市场，吞吐量连年增长。

广州港
1978年以来，广州港发展成为中国综合运输体系的重要枢纽和华南地区对外贸易的重要口岸。从珠江口至南沙港区的航道通航水深－17米，通航宽度243米，可满足10万吨级集装箱船舶不乘潮单向通航、兼顾12万吨级散货船乘潮单向通航、5万吨级船舶不乘潮双向通航进出南沙港区。

青岛港
青岛港位于山东半岛胶州湾畔，濒临黄海，与日本和朝鲜半岛隔海相望，是中国沿黄河流域和环太平洋西岸的国际贸易口岸和中转枢纽。截至2018年底，青岛港有集装箱航线160多条。2017年，青岛港货物吞吐量突破5.1亿吨，其中集装箱吞吐量突破1831万标准箱。2018年，完成操作箱量115.4万TEU，港口货物吞吐量世界排名第六。

苏州港
苏州组合港位于中国江苏省苏州市,地处长江入海口的咽喉地带，背靠经济发达的苏、锡、常地区，东南紧邻上海，由原国家一类开放口岸张家港港、常熟港和太仓港三港合一组建成的新兴港口，原三个港口相应成为苏州港张家港港区、常熟港区和太仓港区。江苏省最重要的集装箱干线港之一，是长江三角洲对外开放的重要依托，是长江中上游地区和西部大开发的重要平台，是江海河联运，内外贸货物运输、装卸与仓储、多功能综合性港口。

天津港
天津港，也称天津新港，位于中华人民共和国天津市海河入海口，处于京津冀城市群和环渤海经济圈的交汇点上，是中国北方重要的综合性港口和对外贸易口岸。
天津港是在淤泥质浅滩上挖海建港、吹填造陆建成的世界航道等级最高的人工深水港。目前，天津港主航道水深已达21米，可满足30万吨级原油船舶和国际上最先进的集装箱船进出港。

日照港
日照港东临黄海，北与青岛港、南与连云港港毗邻，隔海与日本、韩国、朝鲜相望，是中国重点发展的沿海20个主枢纽港之一。2018年上半年，日照港集团完成吞吐量1.94亿吨，居当时中国沿海港口第8位，当时世界港口排名第11位，2018年，日照港吞吐量跃居当时中国沿海港口第七位。

烟台港
烟台港位于山东半岛北侧芝罘湾内，始建于1861年，港北由芝罘岛与市区相连，相成天然屏障，扼守渤海湾口，隔海与辽东半岛相望，与日本、韩国一衣带水，位于东北亚国际经济圈的核心地带，是中国沿海南北大通道（同江至三亚）的重要枢纽和贯通日韩至欧洲新欧亚大陆桥的重要节点。
烟台港由芝罘湾港区、西港区、蓬莱港区、龙口港区四大港区组成。
2016年8月18日，烟台港至东南亚汽车滚装运输航线正式开通，这是中国第一条滚装外贸自营航线。

大连港。
大连港位于辽东半岛南端的大连湾内，港阔水深，冬季不冻，万吨货轮畅通无阻。大连是哈大线的终点，以东北三省为经济腹地，是东北的门户，也是东北地区最重要的综合性外贸口岸。
大连港集团已与世界上160多个国家和地区、300多个港口建立了海上经贸航运往来关系，开辟了集装箱国际航线75条，已成为中国主要集装箱海铁联运和海上中转港口之一。
大连港是亚洲最先进的散装液体化工产品转运基地，是中国最大的海上客/车滚装运输港口。

（本文素材取自网络，如有侵权，联系删除。）"
1,http://toutiao.com/group/6815909919393317390/,全球和中国有关的六大港口，你知道吗？,地图帝,2020-04-15 20:11:43,"日不落大英帝国如日中天之际，世界到处都是它的贸易中转站；美利坚合众国后来居上，其港口和基地同样遍布海外；如今中国要崛起，参与建设外部港口自然是必经之路，而事实上我们已经在巴基斯坦、缅甸和斯里兰卡等沿海国家参与建设六个这样的“支点”。接下来我们就一起来盘点一下分别是哪些港口？
一、汉班托塔港
汉班托塔港位于斯里兰卡首都科伦坡东南方向，其实港口具体在什么位置无关紧要，问题的关键在于斯里兰卡这个国家。从地图上看，斯里兰卡深入印度洋中部，是东亚沟通非洲、中东以及欧洲航线的必经之路，所以来往商船大多在此地停靠补给。早在明朝时期，斯里兰卡就是郑和舰队下西洋的重要中转站之一，只是那个时候它还被称为“锡兰山国”。时至今日，每年进出印度洋的集中箱货运占到全球总量的一半，石油运输的比例更是高达三分之二，斯里兰卡的战略地位自然也就跟着水涨船高。而汉班托塔港的作用正是体现在其能够充当中国经略印度洋的中转枢纽和重要支点。
二、皎漂港
皎漂深水港是缅甸的重要港口之一，其面向孟加拉湾，背靠中缅铁路的南端，也就是说从皎漂港卸下的货物可以不必再经马六甲海峡抵达中国，相反可以通过中缅铁路直接进入云南境内。在没有获得皎漂港的开发权之前，中国石油运输的85%都要途径马六甲海峡，而在中标皎漂港项目之后就可以开发一条完全不同的运输路线，从而大为降低对马六甲海峡的依赖，因此这也是中国重点打造的海外港口之一。
三、苏伊士港
苏伊士港位于苏伊士运河南端，直面红海，是埃及苏伊士省的首府城市。背靠苏伊士运河这条举世闻名的海上要道，苏伊士港的战略地位可见一斑。该港口属于中国“二十一世纪海上丝绸之路”战略的组成部分之一。其产值早在2012年就已经达到5500万美元，今后的发展规模想必也不会逊色多少，而最终的目标就是沿着古老的丝绸之路贸易路线，建立一个连接欧、亚、非的贸易和物流网络。
四、瓜达尔港
在中国所有的海外港口中，瓜达尔港的名号最为响亮，因为它不仅同皎漂港发挥着一样的作用，即摆脱对马六甲海峡的依赖，更重要的是该港口是中巴传统友谊的象征。从地图上看，瓜达尔港位于巴基斯坦，抵近伊朗边境，从波斯湾出来的船只首先进入阿曼湾，紧接着便是瓜达尔港面前的海域。也就是说，产自波斯湾的石油如果从瓜达尔港经管道输送至国内的话，不仅不用途径浩瀚的印度洋，甚至连阿拉伯海也不用经过。
五、吉布提港
吉布提的特殊之处在于该国三面被厄立特里亚、埃塞俄比亚和索马里包围，但位于红海与亚丁湾交界的位置却使其成为来往军舰和商船必不可少的停靠点和补给站。与吉布提相比，尽管厄立特里亚和索马里都有着漫长的海岸线，但条件优越的塔朱拉湾却是吉布提击败其左右邻居的关键。多年以来，作为东非最大的现代化港口之一，吉布提港成为扼守欧、亚、非三大洲的交通要冲，自然也是包括中国在内的各方经营重点。
六、比雷埃夫斯港
比雷埃夫斯港与前面几个港口都不相同，因为这是中国少有的深入欧洲的一个贸易港，其位于希腊东南，同时也是该国最大的港口。与中国居高不下的经济增速截然相反，希腊连年负债，2008年中国投资取得比雷埃夫斯港的经营权，此举既挽救了希腊濒临崩溃的经济，也成为我国在希腊基础设施方面最成功的投资。
总结一下和我们有关的六个大港口：汉班托塔港、皎漂港、苏伊士港、瓜达尔港、吉布提港、比雷埃夫斯港。"
2,http://mp.weixin.qq.com/s?__biz=MzI4ODc0NjIzNQ==&mid=2247510710&idx=1&sn=047432cee4aef429f277211e8944a201,,,,
3,http://toutiao.com/group/6482580268715606542/,,,,
4,https://rsstoutiao.oeeee.com/mp/toutiao/BAAFRD000020191119229241.html,,,,
5,http://toutiao.com/group/6874880381972120072/,澳洲罕见表态：将允许中企租借港口99年，中国心血并没有白费,国际观察站,2020-09-21 18:07:04,"澳洲这次罕见表态：将允许中企租借港口99年，中国的心血并没有白费，看来澳大利亚也是在衡量了利弊之后才做出的决定啊！

可能现在有不少人对于澳大利亚这个国家是非常了解的，毕竟他们今年在国际社会上的表现异常突出，对于我国也态度也十分明确，甚至还紧跟美国的脚步发表了很多对于我们国家并不友好的言论，这种行为在很多人看来都是非常失望的，要知道中澳之间可有着不少贸易合作，交流也是十分密切的，所以在他们有了如此选择之后也难怪有不少人都感到难以理解。
只不过如果要是澳大利亚方面并没有在合作上搞出小动作，那我国也并不会深究，毕竟世界上想要讨好美国的国家并不在少数，我们也并不会因为澳大利亚的亲美行为就断绝跟他们的合作，但这一切都在他们不搞事情的前提下，一旦澳大利亚做出了伤害我国利益的事情，那我们也不会放任不管。
澳大利亚的达尔文港虽然在国际上极具战略意义，但值得一提的是中企早在5年前就已经拿下了达尔文港的99年经营权，所以这个港口我国也占据了一定的主动权，只不过这样的情况在澳大利亚推出了新规定以后就发生了改变。
澳大利亚当地有一部分人认为中国租借港口的行为将会影响他们跟其他国家的合作，所以澳大利亚是能够将该方案进行否决的，但这样的情况在我国减少了跟澳大利亚的合作，他们的出口经济出现了亏损之后就又迎来了转折，澳洲方面也罕见表态：将允许中企租借港口99年，看来中国的心血并没有白费，要是我国没有现在这么强大的综合国力，相信在这个问题上还会被他们“纠缠”很长一段时间。"
6,http://toutiao.com/group/6851107254922396171/,世界10大港口全在亚洲，中国独占7个，美国欧洲一个没有,准哥看世界,2020-07-19 16:35:12,"2000多年前，古罗马哲学家西塞罗这样描述过海洋的重要性“谁控制了海洋，谁就控制了一切。”即使今日，海洋的重要性还是不可替代。
今天我们就来了解一下全球十大港口。世界第一大集装箱港口仍为我国的上海港，上海港以3653万标箱的吞吐量，连续6年坐稳全球第一的宝座。第二名的新加坡港与上海港差距达500万标箱，已被上海港甩出一条街。上海港是全球最繁忙的集装箱码头，平均每一秒就有一个集装箱在这里起吊装卸，其年货物吞吐量占全国港口的20%。
第二新加坡港，新加坡港位于新加坡的南部海岸，西临马六甲海峡的东南侧，南临新加坡海峡的北侧，也是世界最繁忙的集装箱港口之一。共有250多条航线来往世界各地，约有80个国家和地区130多家公司的各种船舶日夜进出该港，平均每12分钟就有一艘船舶进出。
第三深圳港，完成集装箱吞吐量2420万标箱，连续三年稳坐全球第三的位置。深圳港首次超越香港港，跃居全球第三，其后逐渐扩大与香港港的差距，世界第三的位置牢牢站稳。
第四宁波-舟山港， 2006年1月1日原宁波港和舟山港正式合并。近年发展势头迅猛，将曾经连续11年排名全球集装箱港口第五位的釜山港拉下马，之后马不停蹄，又夺得香港港全球第四的位置。宁波-舟山港集装箱吞吐量增长6%，居前十港口前列。宁波-舟山港与全球100多个国家的200多个港口有货运往来。
第五香港港，集装箱吞吐量已连续四年下跌，增幅为-9.5%，创下13年来的新低，增速在前十大港口中垫底。值得注意的是，前十港口中，出现负增长的仅有香港港和新加坡港，新加坡港增幅为-8.7%，反映出在世界经济不景气的背景下，以集装箱中转运输为主的港口，面临更大压力。
痛失世界第五宝座的釜山港，仍暂守第六名的位置。但4.2%的增速不容小觑，其与世界第五的香港港差距不足70万标箱。釜山港有卷土重来，重返世界前五的能力，其吞吐量也有望从的1943万标箱，进入2000万标箱级的港口大佬俱乐部。
第七青岛港吞吐量属于1700万标箱量级，以微弱优势超越广州港，位列第七位。是一个具有125年历史的老港，此外它还是世界最先进、亚洲首个全自动化集装箱码头。偌大的码头空无一人，作业却在有条不紊地进行。这一切全靠计算机控制下的无人驾驶转运车、全自动化桥吊完成，作业效率极高，是目前全球自动化程度最高、装卸效率最快的集装箱码头。
第八广州港，吞吐量属于1700万标箱量级，与青岛港差距微乎其微，因而位次竞争更加激烈。从近年的数据来看，二者都有以微弱优势超越对手的情况，且两港仅有几万标箱的差距，呈现贴身肉搏的胶着之势。
第九阿联酋的迪拜港，完成集装箱吞吐量1559万标箱，毫无悬念地保持了全球第九的排名。迪拜港位于阿联酋东北沿海，濒临波斯湾的南侧。是阿联酋最大的港口，该港地处亚欧非三大洲的交汇点，是中东地区最大的自由贸易港，尤以转口贸易发达而著称。
第十天津港，位于中国天津市滨海新区，地处渤海湾西端，背靠雄安新区，是京津冀的海上门户。在将劲敌鹿特丹港挑落马下后、首次跻身十大集装箱港口行列，目前已牢牢坐稳第十的位置，将与鹿特丹港差距从140万标箱扩大到的180多万标箱。
目前，全球1500万标箱以上港口共9个， 2000万标箱以上港口共5个， 3000万标箱以上港口为2个。按吞吐量计，全球十大集装箱港口中国港口完成的集装箱吞吐量比重占到七成。今天的就介绍到里。"
7,http://hz.m.chinanews.com/wapapp/toutiao/cj/2020/09-14/9290702.shtml,,,,
8,http://toutiao.com/group/6656359767667114510/,中国在全球打造的八大港口,信德海事,2019-02-10 21:15:29,"中国目前正通过在斯里兰卡、缅甸、巴基斯坦等海洋沿岸国家建造一系列港口来为自己的国际实力打造基础设施。我们来看看其中较为重要的八个港口和其位置。


图为缅甸皎漂港：皎漂港在缅甸若开邦的兰里岛北端城镇皎漂经济特区，是兰里岛和大陆构成的一个南北向的狭长海港。在孟加拉湾东北部。皎漂港是中缅铁路的终点，中缅油气管道的石油线起点就位于皎漂地区的马德岛，天然气起点在马德岛的下方某地。皎漂港中的天然气管道和铁路，均为中国斥巨资打造。


缅甸皎漂港的地址位置。


斯里兰卡汉班托特港：汉班托特港位于斯里兰卡首都科伦坡东南约240公里处，是一个有着悠久历史的港口城市。由中国港湾建设集团有限公司承建。汉班托特港地处南亚最南端，为中东、欧洲、非洲至东亚大陆的海运航线必经之地。全球50%以上的集装箱货运、三分之一散货海运及三分之二石油运输都要取道印度洋。几个重要交通咽喉，如霍尔木兹海峡和马六甲海峡，也都在印度洋上。


通过这里的油轮提供了中国进口石油的80%、印度进口石油的65%，日本几乎完全依赖通过印度洋的运输来保证能源供给。因此在印度洋获得实际影响力对中美日及其它很多国家都很重要。汉班托特对中国的意义在于它与印度南海岸接壤，能够成为中国在印度洋最重要的中转枢纽之一。图为斯里兰卡汉班托特港的位置。


巴基斯坦瓜达尔港：瓜达尔港是巴基斯坦的重要港口，瓜达尔港在是中国在印度洋海外战略中占据着重要的地理位置。瓜达尔港位于巴基斯坦西南边陲，靠近伊朗边境，距离“全球石油生命线”霍尔木兹海峡400公里。在瓜达尔港航线开通前，中国航运船必须从新加坡、马来西亚和印度尼西亚三国共同管辖的马六甲海峡通往印度洋。而现在，瓜达尔港的开航直接解开了中国在太平洋西岸的贸易枷锁。港口运行后，中国将货物运到中东、非洲也将比原先节约一个多月的时间，并将给中国西部地区带来更多的贸易机遇。


巴基斯坦瓜达尔港的地理位置。


埃及苏伊士港：伊士港位于埃及苏伊士省苏伊士湾北部海岸，苏伊士是埃及东部的一个港口城市，位于苏伊士运河南端出口，是尼罗河和红海之间航运的重要中转站。2008年中埃在此建立境外交易协作区后，到2012年年产值就达到了约5,500多万美元，2014年又继续扩增港口面积。


埃及苏伊士港的地理位置。


希腊比雷埃夫斯港：比雷埃夫斯港位于希腊东南部，为希腊最大港口，也是全球50大集装箱港及地中海东部地区最大的集装箱港口之一。2006年，比雷埃夫斯港排名欧洲十大集装箱码头之一。2008年中国用43亿欧元天价获得了该港的经营权，之后港口经济开展迅速，是被公认的在希腊最成功投资。


希腊比雷埃夫斯港的地理位置。


东非吉布提港：吉布提港是东非吉布提共和国自由港，埃塞俄比亚中转港。位于吉布提东南沿海塔朱拉湾的南岸入口处，濒临亚丁湾的西南侧，是吉布提的最大海港，也是东非最大的现代化港口之一。吉布提港地处欧、亚、非三大洲交通要冲，也是各国军舰打击索马里海盗和远洋航行时的重要补给港口。


东非吉布提港的地理位置。



巴布亚新几内亚莱城港：莱城是巴布亚新几内亚的第二大城市，莫雷贝省首府，人口约120,000。莱城位于新几内亚岛东部胡翁湾北岸近马卡姆河河口处，是巴布亚新几内亚的主要货物港口和工业城市。图为巴布亚新几内亚莱城港位置。



澳大利亚墨尔本港：墨尔本港位于澳大利亚东南部维多利亚州南部沿海的亚拉河口的墨尔本市，是澳大利亚最大的现代化港口，也是澳大利亚东南地区羊毛、肉类、水果及谷物的输出港，也是重要的国际贸易港口。中国主权财富基金中投公司将拥有墨尔本港五分之一的租赁权。"
9,http://hebei.hebnews.cn/2020-09/21/content_8116590.htm,,,,
10,http://toutiao.com/group/6798465611807588867/,2019年中国10大港口,汇盛资讯,2020-02-29 00:10:34,"中国港口2019年排名是宁波舟山港、上海港、唐山港、广州港、青岛港、苏州港、天津港、日照港、烟台港、大连港。
1、宁波舟山港
宁波舟山港以55796万吨的货物吞吐量继续维持“世界第一大港”的地位，该港作为上海国际航运中心的重要组成部分，是服务长江经济带、建设舟山江海联运服务中心的核心载体。据2019年7月舟山市港航和口岸管理局网站信息显示，舟山港域南部海域共有锚地44个，其中20万吨级以上的锚地有11个，10至20万吨级的锚地有8个。
2、上海港
上海港港区有黄浦江66.6千米及长江口南水道南岸106.5千米两部分。上海港区陆域由长江口南岸港区、杭州湾北岸港区、黄浦江港区、洋山深水港区组成。黄浦江涨落潮时为往复流，弯道附近水流较急。上海港港区有沪宁、沪杭、沪青平、沪乍、嘉浏等高速公路与江苏和浙江对接，并联通全国高速公路网。
3、唐山港
唐山港是河北省、北京市、华北及西北部分地区经济发展和对外开放的重要窗口之一。地处渤海湾北岸，沿大沽口至秦皇岛海岸的岬角上，大清河口与滦河口之间。唐山港通航以来，重点强化了煤炭、钢铁、矿石等优势货种的运输，同时发展了汽车、机电产品、化工产品等新货种的运输市场，吞吐量连年增长。
4、广州港
1978年以来，广州港发展成为中国综合运输体系的重要枢纽和华南地区对外贸易的重要口岸。从珠江口至南沙港区的航道通航水深－17米，通航宽度243米，可满足10万吨级集装箱船舶不乘潮单向通航、兼顾12万吨级散货船乘潮单向通航、5万吨级船舶不乘潮双向通航进出南沙港区。
5、青岛港
青岛港位于山东半岛胶州湾畔，濒临黄海，与日本和朝鲜半岛隔海相望，是中国沿黄河流域和环太平洋西岸的国际贸易口岸和中转枢纽。截至2018年底，青岛港有集装箱航线160多条。2017年，青岛港货物吞吐量突破5.1亿吨，其中集装箱吞吐量突破1831万标准箱。2018年，完成操作箱量115.4万TEU，港口货物吞吐量世界排名第六。
6、苏州港
苏州港地处长江入海口的咽喉地带，西起长山，东至浏河口南，东南紧邻上海，西南为经济发达的苏、锡、常地区。由原中国国家一类开放口岸张家港港、常熟港和太仓港三港合一组建成的新兴港口，原三个港口相应成为苏州港张家港港区、常熟港区和太仓港区。2018年，苏州港港口货物吞吐量世界排名第七。
7、天津港
天津港地处渤海湾西端，背靠雄安新区，辐射东北、华北、西北等内陆腹地，连接东北亚与中西亚，是京津冀的海上门户，是中蒙俄经济走廊东部起点、新亚欧大陆桥重要节点、21世纪海上丝绸之路战略支点。2018年，天津港货物吞吐量44604万吨，外贸货物吞吐量完成25864万吨。
8、日照港
日照港东临黄海，北与青岛港、南与连云港港毗邻，隔海与日本、韩国、朝鲜相望，是中国重点发展的沿海20个主枢纽港之一。2018年上半年，日照港集团完成吞吐量1.94亿吨，居当时中国沿海港口第8位，当时世界港口排名第11位，2018年，日照港吞吐量跃居当时中国沿海港口第七位。
9、烟台港
烟台港位于山东半岛北侧芝罘湾内，东北亚国际经济圈的核心地带，是中国沿海25个重要枢纽港口之一；是中国沿海南北大通道的重要枢纽和贯通日韩至欧洲新欧亚大陆桥的重要节点。据2019年8月烟台港官网显示，烟台港主营业务包括客运滚装物流、集装箱、管道运输、液化油品、散杂货。
10、大连港
大连港位于辽东半岛南端的大连湾内，是该区域进入太平洋，面向世界的海上门户。截至2019年7月，大连港主要从事原油，成品油及液体化工品装、卸、储运服务、客运服务等方面业务。"
11,http://toutiao.com/group/6479182187739480590/,,,,
12,http://toutiao.com/group/6867440547154362883/,中国港口吞吐量最强的港口，上海港排第二，第一是谁你知道吗？,民生播报,2020-09-01 16:56:42,"随着我国经济的不断发展和海上丝绸之路建设，以及进出口贸易的持续增长，中国的港口吞吐量是一日千里，本期我们对比盘点一下全国也是全世界吞吐量最强的港口，让你领略一下这些地表超级工程。
当今世界要数运输量最大、价格最便宜的运输方式，无疑还是轮船运输。所以一个国家港口的繁盛与否决定着这个国家的经济盛衰。世界上的三十五个国际化城市中，其中就有三十一个是由于港口而发展起来的。而在全球排名前十的城市中均为港口城市，并且全球财富的百分之五十都集中在沿海的港口城市。因此无论在任何国家和地区，港口的繁忙程度和吞吐量，都是衡量这个城市经济发展乃至区域经济发展的一个重要指标。
从这一点也彰显了港口的发展对一个国家和地区的重要性。随着我们中国进出口贸易的不断发展，我国的港口吞吐量顺应也在不断的加强和升级，一日千里，在世界港口繁忙性排名前二十五的港口中，中国港口就有十一个，占比最高，达到了百分之四十四。那么你知道全国的港口谁家最强吗？
有人说，往来贸易量排名第一非上海莫属。确实，上海港口的体量十分惊人，它位于长江入海口，水域面积3620.2平方公里，这是香港面积的近四倍。截至2016年年底，上海港已经与全球二百一十四个国家和地区的五百多个港口建立了集装箱货物的贸易往来，拥有国际航线约八十余条。在2016年，上海港完成了货物吞吐量7.02亿吨，完成集装箱吞吐量3713万标准箱，但是即使规模如此宏大，上海港依然不是中国吞吐量最大的港口，那么到底哪个港口的风头能够盖过上海港呢？
这就是位于宁波的舟山港。宁波舟山港是浙江省宁波市舟山市港口，宁波舟山港总共有北仑、洋山、六横等十九个港区组成，共有生产泊位六百二十多座，其中万吨级以上的大型泊位就将近一百六十座，五万吨级以上的大型、特大型深水泊位有九十多座。截至一八年的六月，宁波舟山港共有集装箱航线约二百五十条，其中远洋干线一百二十余条，月均航线约一千五百万，2019年宁波舟山港完成货物吞吐量11.19亿吨，已经连续十一年位居世界第一，完成集装箱吞吐量超两千七百五十三万标准箱。
所以人们说世界贸易看中国，中国贸易看宁波，而同时能够坐拥世界吞吐量最大的两个港口的国家，也就只有咱们中国了。其实不光是上海和宁波舟山的两个港口，去年全国过亿吨的港口就已经达到了四十一座，过两亿吨的更是超过了一半。这其中就包括辽宁的大连港、锦州港，山东的青岛港，烟台港，天津的天津港，福建的厦门港和福州港等等，这些港口都将随着国家一带一路的建设，在日后的作用中会体现得愈发重要，也愈发强大。"
13,https://3w.huanqiu.com/a/327eab/9CaKrnKnTpR?agt=20,,,,
14,http://news.xinhuanet.com/politics/2017-06/19/c_1121168274.htm,,,,
15,http://toutiao.com/group/6867096163628253708/,全球集装箱港口TOP10最新排名出炉，8个港口货量同比下降,搜航网,2020-08-31 18:40:20,"关于新冠肺炎对集装箱港口的影响和猜测不绝于耳。可以肯定的是，2020年全球集装箱吞吐量将会下降，降幅可与2008年的全球金融危机时期相比。
与2019年第一季度相比，今年第一季度全球集装箱港口处理量下降了约4%，然而，这仅部分反映出中国自2月底开始的停工停产对供应方面造成的冲击，北欧港口直到4月下旬才受到全面影响。
真正的痛苦体现在第二季度的数据上，不仅中国的出口明显被滞后，北美和欧洲的遏制措施才明显生效。据德鲁里表示，主要经济体的隔离和关闭对需求造成的巨大冲击，预计今年的港口吞吐量约下降9%。
不过，2020年上半年主要箱式港口的吞吐量数据已经很大程度作了说明。
▲2020年上半年十大港口吞吐量对比（来源：Lloyd's List）
这次全球十大集装箱港排名对比，包括香港港在内的中国港口共包揽七席，余下的第二、第六、第十名分别由新加坡港、韩国釜山港、荷兰鹿特丹港摘得。
按吞吐量计，全球十大集装箱港口排序依次为上海港、新加坡港、宁波-舟山港、深圳港、广州港、釜山港、青岛港、香港港、天津港、迪拜港。
全球前十港口队列中未有新面孔出现，位次变化最明显的就是宁波-舟山港和香港港。宁波-舟山港继超越香港港，首次跻身世界前五后，又一鼓作气超越深圳港，集装箱吞吐量多出深圳港218万标箱，坐上了第三名的宝座，香港港则滑出前五位居第八。
在截至今年6月底，前十大集装箱港口共处理了118,29万TEU，与2019年同期水平相比下降了3.8%，其中有8个港口的吞吐量下降了，只有天津和青岛的吞吐量有所上升，不过增幅很小，分别为3%和0.4%。
值得注意的是，连年坐稳全球第一宝座的仍为我国的上海港，其以2006万标箱的吞吐量位居第一，但今年上半年吞吐量还是下降了近7%，与第二名的新加坡港多222万标箱。
深圳港跌幅最大为10.8%，深圳港今年上半年完成集装箱吞吐量1107万标准箱，首次跌出了全球第三的位置，这次排在了第四。
宁波-舟山港近年发展势头迅猛，上半年处理了1325万标箱，将曾经连续11年排名全球集装箱港口第五位的釜山港拉下马，之后马不停蹄，又夺得了第三的位置。
除了排名前十大的港口，其他港口发布的今年前六个月的吞吐量数据，情况与此类似。
例如，欧洲港口也受到封锁的冲击，汉堡港上半年吞吐量下降了12.1％；西班牙的巴塞罗那港和法国的勒阿弗尔港的吞吐量也分别下降了21％和28％。
在美国，西海岸的洛杉矶萎缩了17.1％；东海岸的纽约和新泽西州则为7.9％，与整个北美地区的情况类似。
尽管亚洲显示出更大的弹性，但就可比性提升而言，该地区半年表现仍然落后。如马来西亚的巴生港（-9％）和泰国的Laem Chabang（-5％）都报告了前六个月的货运量下降。
那些成功报告2020年上半年吞吐量有所改善的港口，很大程度上是由于承运人环路和线路的重组和合理化。
8月初，航运咨询机构德鲁里（Drewry）发布了对集装箱港口行业的修订展望，预计2019年至2024年港口的吞吐量平均将增长3.5％。
按TEU计算，这五年期间将从2019年的8.01亿标准箱，增加到2024年的9.51亿标准箱。
欧洲和北美的增长率将保持在2.3％，相当温和。预计亚洲的情况会略微好一些，五年期间的平均增长率为3.9％；而中东地区的吞吐量预计将增长4.5％，表现最好的。
▲2019-2024年区域集装箱预计处理量和平均增长
即便如此，德鲁里说，如果新冠肺炎病例的再次出现扩大，在预测期内导致进一步大范围的经济封锁，这种前景仍然存在风险。
德鲁里港口和码头高级分析师Eleanor Hadland在接受采访时说，如果不及时控制该病毒，则这段期间的年平均增长率将限制在0.8％之内。
更多国际航运资讯，关注搜航网！"
16,http://toutiao.com/group/6874745598554309127/,中国主要港口的货物吞吐量继续回升,万航网,2020-09-21 09:24:02,"中国港口协会的数据显示，随着有效的防疫措施使经济活动正常化，中国主要港口的货物吞吐量继续恢复。
该协会监测的货物吞吐量在9月初同比增长了9％，外贸吞吐量增长了16.5％。
该协会称，集装箱吞吐量同比增长7.4％，比8月下旬的速度提高了4.7个百分点。


随着COVID-19的减弱，生产和生活秩序得到恢复，中国的货运逐渐恢复了正常增长。
官方数据显示，8月份中国制造业的采购经理人指数（PMI）为51。高于50表明扩张，而低于50表明经济收缩。这是该数字连续第六个月保持在扩张范围内。
8月份生产子分类指数为53.5，新订单分类指数为52。衡量新出口订单的分类指数增加了0.7点，至49.1。"
17,https://m.gmw.cn/gallery/202004/02/33709011.html,,,,
18,http://toutiao.com/group/6691923966518362637/,世界十大港口，中国拥有七个，有一个省占两个,运去哪,2019-05-17 17:22:44,"中国是一个幅员辽阔的大国，除了960万平方公里的陆地面积外，还有470多万平方公里的水域面积，由北到南依次为渤海、黄海、东海、南海，大陆海岸线长达1.8万多千米，还有1.4万多千米的岛屿岸线，大小岛屿有7600多个，有六个海洋邻国，中国是名副其实的海洋大国。按照最新数据统计，在现在的世界十大港口中，中国独占其七，而中国有个省则直接占

中国自古以来就是海洋大国，宋朝时中国海洋实力快速发展，有着泉州、明州（现宁波）、广州等世界性的大港口，是世界第一大海贸强国，明朝时期郑和下西洋更是将中国海上实力发展到顶峰，但清朝长达近三百年的海上封禁政策严重迟滞了中国海洋实力的发展，漫长的海岸线上只有着广州这个在当时算得上是大港口。

经过漫长的发展，新中国以来，中国大力发展海洋实力，尤其是改革开放以后，中国的外贸出口飞速发展，这就必须要求具备数量充足的超大型港口。而经过四十年的发展，中国已经是全球排名第一的贸易大国，地球上近四分之一贸易额要在这里产生，这意味着每年动辄以万亿美元计的货物要进出中国，而要完成这个近似天文数字般的货物交换，必须要拥有数目极其可观的港口，因此港口无疑在国民经济发展中扮演着越来越重要的角色。

截止2017年中国亿吨级大港数量达34个，万吨级及以上泊位2300余个，形成了环渤海、长三角、东南沿海、珠三角和西南沿海5个港口群。而为数众多的港口中，较大的港口从北到南依次有着大连港、营口、秦皇岛、天津、威海、青岛、烟台、日照、连云港、上海、扬州、宁波舟山、厦门、泉州、深圳、广州珠海、北海、防城、钦州、海口、三亚等。内河中更有着苏州、重庆等大型港口。

在中国如此众多的港口中，世界十大港口（按集装箱数量），中国一国就占了七个，而且世界三大港口中国直接占俩。分别是上海港（第一）、深圳港（第三）、宁波—舟山港（第四）、香港港（第五）、广州港（第七）、青岛港（第八）、天津港（第十）

在2017年的统计数据中显示，世界第一大港为中国的上海港，上海港早在2013年就已经问鼎世界第一大港，加上最新的上海洋山深水港投入使用，这个全世界自动化程度最高，最先进的港口将让上海港把第二名的新加坡远远甩在后面。

中国第二大港口也就是世界第三大港口深圳港，是中国最年轻的一批港口，从改革开放才正式开始建立。而世界第四的宁波舟山港则是世界货物吞吐量第一的港口，是世界上唯一吞吐量超过九亿吨的超级大港。有意思的是香港港和广州港以及深圳港是世界上罕见的三大港口是挨在一起的。都位于珠三角地区。这就是说，我国广东省以一省之地就占据了世界十大港口的第三和第七两大世界港口。这在世界上是独一份。毕竟仅广东省的经济总量就占了全国的八分之一。而这或许也是广东连续28年蝉联我国第一大经济大省的原因之一。

而青岛港则是世界罕见也是我国最佳的天然深水港，拥有着世界为数不多的可以满载停靠40万吨级以上货轮的陆基码头——董家口散货码头。而天津港则是世界最大的人工深水港，天津港是在淤泥质浅滩上挖海建港、吹填造陆建成的人工深水港。目前，天津港主航道水深已达21米，可满足30万吨级原油船舶和国际上最先进的集装箱船进出港。天津港之所以位居世界十大港口，主要是因为它 的辐射范围不仅是天津一地，更是京津冀乃至华北很多地方，而仅一个京津冀地区就占了我国GDP总量的十分之一。"
19,http://toutiao.com/group/6653673897772188172/,2018中国十大港口吞吐量排行榜出炉,地理广角,2019-02-03 15:32:56,"2018年，位列中国港口货物吞吐量前十大港口排行榜的依次为：1.宁波舟山港；2.上海港；3.唐山港；4.广州港；5.青岛港；6.苏州港；7.天津港；8.大连港；9.烟台港；10.日照港。
2018年，位列中国港口集装箱吞吐量前十大港口排行榜的依次为：1.上海港；2.宁波舟山港；3.深圳港；4.广州港；5.青岛港；6.天津港；7.厦门港；8.大连港；9.营口港；10.苏州港。"
20,http://www.nbd.com.cn/rss/toutiao/articles/1360562.html,,,,
21,http://m.yicai.com/news/100278515.html,,,,
22,http://news.qingdaonews.com/qingdao/2020-09/20/content_22338277.htm,,,,
23,http://toutiao.com/group/6758628097265762829/,2019年世界十大港口排名：前十，中国占7个,谓之无,2019-11-13 11:28:50,"2019世界十大港口排名分别为：第1上海港、第2新加坡港、第3宁波舟山港、第4深圳港、第5广州港、第6釜山港、第7香港港、第8青岛港、第9天津港、第10迪拜港。
1、上海港
上海港作为全球集装箱吞吐量第一大港，今年上半年，实现了2153.6万标准箱的吞吐量，比去年同期增长5%。其中，国际中转集装箱量增速明显，同比增长34.1%，并且首次实现了占全港吞吐量的10%以上。
2.新加坡港
区位：新加坡 面积：7平方公里 年均货物吨位：11.5亿吨（2017年） 年均集装箱吞吐量：3370万标准箱（2017年） 新加坡一直是国际航运和贸易中心闻名世界。受历史上英国统治和优越地理位置的影响，新加坡一直是连接亚洲与欧洲市场的重要中转场，也是南亚大部分区域商品的主要进出口过。2010年，新加坡港被上海港超越，居全球第二位。新加坡港务局和裕廊港是新加坡的主要港口。
3.深圳港
区位：中国广东省 面积：106平方公里（2005年） 年均货物吨位：2.51亿吨（2017年） 年均集装箱吞吐量：2520万标准箱（2017年） 深圳港是香港与中国大陆之间的贸易中转站，也是中国对外开放的窗口。其快速发展主要受惠于珠三角飞速发展的制造业及外向型经济的发展。
4.宁波-舟山港
区位：中国浙江省 面积：未有统计 年均货物吨位：8.5亿吨（2017年） 年均集装箱吞吐量：2460万标准箱（2017年） 宁波港历史悠久，始建于唐朝，一直以来承担着中国与日本、韩国之间的贸易往来。2006年，宁波港与舟山港合并。该港口贸易产品以铁矿石、煤炭、原有和化学制品为主。
5.釜山港
区位：韩国釜山 面积：2000平方公里 年均货物吨位：未知 年均集装箱吞吐量：2140万标准箱（2017年） 釜山是韩国颇具传奇色彩的港口城市，在朝鲜战争期间，许多人逃到该城市并留下，20世纪70年代，釜山的制造业繁荣给航运和贸易的发展带来巨大的发展机会。釜山港还是重要的邮轮停泊港，其国际客运码头是亚洲第二大邮轮港。
6.香港港
区位：中国香港 面积：2.17平方公里 年均货物吨位：未知 年均集装箱吞吐量：2100万标准箱（2017年） 香港是中国最具国际化的城市，位于珠三角附近，曾是历史上世界最繁忙的港口之一。香港港目前有9个集装箱码头，其处理的集装箱运输量中有60%都是进入香港。
7.广州港
区位：中国广东省 面积：70平方公里（2011年） 年均货物吨位：5.9亿吨（2017年） 年均集装箱吞吐量：2030万标准箱（2017年） 秦汉时期，广州古港是中国对外贸易的港口。唐宋时期，“广州通海夷道”是远洋航线，广州也被认为是海上丝绸之路的重要起点之一。广州港的新沙地区是外国汽车制造商车辆进口 的重要港口。
8.青岛港
区位：中国山东省 面积：420平方公里 年均货物吨位：5.1亿吨（2017年） 年均集装箱吞吐量：1830万标准箱（2017年） 青岛港位于黄海，处于中国和韩国之间，因此是中国面向韩国贸易的重要窗口。青岛港处理的货物只要包括煤炭、矿石、谷物和其他大宗物品的运输。青岛港还有一个石油和液体化学制品处理码头，可处理多达28万吨的船舶。
9. 阿里山港口
区位：阿联酋迪拜 面积：136平方公里 年均货物吨位：未知 年均集装箱吞吐量：1540万标准箱（2017年） 该港口于1979年开放，用以补充拉希德港的货物承载能力，如今成为中东最大的工业港口。目前其最大的集中向吞吐量可达1700万标准箱。阿里山港口被评为最有效率的港口之一。
10.天津港
区位：中国天津 面积：121平方公里 年均货物吨位：5亿吨（2017年） 年均集装箱吞吐量：1520万标准箱（2017年） 天津港是通往北京的主要水路入口，流入渤海湾。天津港自2010年启用以来成为世界上发展的港口之一。天津港同时也是邮轮接待港口，每年接待乘客超过10万名。"
24,https://m.gmw.cn/toutiao/2020-04/27/content_1301184813.htm,,,,
25,http://g2.m.cnr.cn/xml/524857126_tt_20191113.html,,,,
26,https://ql1d.com/newsjin/show/source/rss/type/1/id/12244305.html,,,,
27,http://toutiao.com/group/6815781588836549123/,港口的分类,奇阅,2020-04-15 11:53:34,"按用途分类
1、商港
供商船往来停靠，办理客、货运输业务的港口。一般具有停靠船舶、上下旅客、装卸货物、供应燃物料和修理船舶等所需要的各种设施和条件。按装卸货物的种类划分，有综合性港口和专业性港口两类。综合性港口系指装卸转运各种货物和从事客运服务的港口，如我国的上海港、大连港，世界大港鹿特丹、新加坡、纽约等均属此类。
2、工业港
为临近江、河、湖、海的大型工矿企业直接运输原材料、燃料和产成品而设置的港口。一般设在某个工业基地或加工业的中心，也可称为货主码头或业主码头。有的工业港只是在商港范围内划分一定的区域专门为某企业服务，港口业务由企业负责经营。如大连地区的甘井子大化码头、石油七厂码头；上海地区位于长江南岸的上海宝山钢铁总厂码头、位于杭州湾的上海金山石化总厂的陈山原油码头；日本的鹿岛、川崎、千叶等港口均属工业港。
3、渔港
供渔船停泊、避风、装卸渔获物和渔需物资的港口，是渔船队的基地。舟山群岛的定海港、大连渔港都是我国的著名渔港。渔获物易腐烂变质，一经卸港必须迅速处理，因此渔港般都设有鱼产品加工厂、鱼粉厂、网具厂、渔轮修造厂、冷藏库和收购转运站等设施。
4、军港
专攻海军舰船补给，停泊，训练使用的港口。有天然防浪屏幕或人工防浪设施，并可建造和修理舰船。军港是海军基地的组成部分，是为国家的军事和国防目的而建造的。军港常位于海湾等地势险要的战略要地，如俄罗斯的海参崴，美国的珍珠港，意大利的塔兰托以及我国的旅顺，均为世界上有名的军港。
5、避风港
供船舶在航行途中或在海上作业过程中躲避风浪和取得少量补给的港口。一 般是为抗风浪能力低的小型船舶、渔船和各种海上作业船而设置的。
按地理位置划分
1、海港
具指在自然地理条件和水文气象方面具有海洋性质，而且是为海船服务的港口。由于受风浪、潮汐、沿岸输沙等因素的影响，海港般需借助海湾、岛屿、岬角等天然屏障或人工建筑物掩护港口水坡。
2、河口港
指位于江河人海口处的港口。一般筑在河口区以内，有通海的深水航道，其水文有河道径流和海流潮汐的双重作用，可兼停海船和河船。世界上许多著名的大港，如莱茵河口的鹿特丹港、密西西比河口的新奧尔良港、长江口的上海港等都是河口港。
3、内河港
指位于江河或运河沿岸的港口。内河港多数以内贸运输为主，如我国南京、镇江、芜湖、武汉、重庆等都是长江上的主要内河港。
4、湖港
指位于湖泊沿岸或江河入湖口处的港口。湖港一般水位落差不大， 水面比较平静，水域宽阔，水深较大，是内河、湖泊运输和湖上各种活动的基地。我国的岳阳港，美国密西根潮畔的加哥港都属湖港。
按潮汐的影响划分
1、开敞港
指无船闸设备的港口。港口水面与江河或海洋水面相互通连，航道开敞港内水位随江河或海洋水面的涨落而上下波动。我国的港口大多属于此类。
2、闭合港
指在港口或航道中设有船闸设备的港口。英国的伦敦港，荷兰的阿姆斯特丹港都是闭合地。
3、混合港
在一个港口内，既有开阔的港池，又有闭合的港池，这类港口称为混合港，如比利时的安卫特港。
按等级划分
将港口按某一标准划分为若干不同的等级。
迄今为止，世界上还没有建立一个对所有国家的海河港口都适用的统一分类标准。但在不同的国家，往往根据不同的技术经济标准把港口划分为若干“等”或""级”。
例如：日本根据其港湾法，把港口分为(1)特别重要港口，即对促进国际贸易有特别重要性的港口；(2)重要港口，即对国家经济发展有重要作用的港口；(3)地方港口，即上述两种以外的港口；(4)避风港。
英国是根据港口吞吐量占国家全部吞吐总量的比重来确定港口等级的。挪威则是根据能接纳的船舶尺度和类型进行港口分级。
按所建港口的港址自然条件划分
1、天然港
指自然形成的、具有船舶驻泊、停靠所必须的避风条件，有足够的水域面积和水深，底质适于锚泊的港口。如香港、旧金山、里约热内卢并称为世界三大天然港口，东京港、安特卫普港、榆林港也属此类港口。
2、人工港
指经人工建筑防波堤，并开挖航道和港池而修建的港口。如法国的勒阿费尔港、秘鲁的马塔尼港、埃及的塞得港以及我国的天津新港等。"
28,http://toutiao.com/group/6857684496506946055/,爆炸的黎巴嫩贝鲁特港口，有多重要,何伊凡,2020-08-06 09:58:29,"作者 / 姚赟
来源 / 盒饭财经（ID：daxiongfan）

“有一批货，预计本月7号到港的，因为这次爆炸，可能会改泊到其他港口吧，待会打个电话问问货代货物的情况。但相比货物，比较担心客户。”一大早，迷迷糊糊中的俞东名，就被群里有关黎巴嫩首都贝鲁特港口区的大爆炸的视频彻底震醒了。

红色的蘑菇云，人群的尖叫声，以及似乎要从屏幕中汹涌而出的冲击波，处处透露着的恐慌，让人仿佛到了世界末日。

当地时间8月4日18时左右，黎巴嫩首都贝鲁特港口区发生剧烈爆炸。据该国卫生部最新消息，爆炸已造成至少78人死亡、4000人受伤。当地官员将之形容为“核爆级”，大量人员仍下落不明，伤亡数字仍在不断攀升中。

黎巴嫩内政部方面称，爆炸可能是由存放在港口仓库内多年的一批化学品硝酸铵引起。而据央视新闻报道，路透社援引黎巴嫩当地安全部门和媒体消息称，最初的火势是由仓库修补破洞的焊接作业引发的。

与大部分网友震惊于爆炸的破坏力和同情哀悼爆炸产生的伤亡不同，除了由人道主义产生的震惊和哀悼，黎巴嫩、贝鲁特港口等词汇，对俞东名来说意味很多——这不仅仅是一场距离自己6000公里外的一场爆炸。

俞东名是浙江一家纺织原材料企业的外贸负责人，其中土耳其、埃及、黎巴嫩等中东地区的相关出口事务都由他一手负责，而黎巴嫩中就有不少他的客户。

黎巴嫩一直是一个高贸易逆差的进口国家，而中国也一直是黎巴嫩重要的贸易伙伴。战争威胁、贫富差距大、经济危机等背景下，我们从经济、贸易等角度来了解，黎巴嫩的贝鲁特港爆炸到底意味着什么，这次的冲击波对其经济将产生如何重大的影响？

被炸掉的主枢纽

“打一个不恰当但能了解贝鲁特港的对黎巴嫩重要性的比方，想象一下，如果上海港炸了。”俞东名试着解释贝鲁特港对黎巴嫩的重要程度。

贝鲁特作为黎巴嫩的首都，人口相对密集。2018年数据，黎巴嫩总人口610万，贝鲁特占220万左右，占全国的三分之一。

同时，它肩负的不仅仅政治、经济的作用。

贝鲁特港位于黎巴嫩地中海岸中部，既是地中海东岸最大的优良海港城市，又是黎巴嫩共和国的重要门户和货物集散地；既是中东商业、交通、金融和文化中心，又是东西方的连结点和出入中东的大门。

但自80年代以来，黎巴嫩内战不断，严重影响了港口业务。

21世纪六七十年代，贝鲁特港以其自由港和中东地区最大的货物集散地而闻名一时,直到80年代被内战所摧毁。内战结束后，黎巴嫩政府把贝鲁特港的重建工作放在了首位，先后投入数亿美元恢复港区功能并建设了相应的配套设施。（《贝鲁特港口建设给中国企业带来的商机》）

一度，贝鲁特港承担了黎巴嫩货物进出口总量的九成以上。

为了恢复国家、经济、贸易的繁荣，1983年以来，黎巴嫩政府对重建规划做了调整，推行了“大贝鲁特计划”。目的很简单，通过加强税收管理，增加国库收入。甚至当年，还以黎巴嫩军方指挥部的名义颁布文告, 关闭一切非法港口, 严禁走私进口外国商品。已经入口 的走私商品, 必须在文告发出后的一个月内向海关当局申报, 补纳关税。逾期不纳者,将要受到军事法庭的起诉, 进行征税、罚款或按其他法律予以追究。

与黎巴嫩客户已经打了快10年交道的俞东名告诉我们：“黎巴嫩的港口有十几个，但是比较重要的就是贝鲁特了，大部分的货都会走这个港口。”

黎巴嫩一直对贸易采取自由开放的政策，有人称贝鲁特是小巴黎，主要是因为它向来就是欧亚非各国货物的转运站和集散点，是中近东地区的金融、贸易中心，各方面的情报和贸易信息都十分灵通。（陈益铿《黎巴嫩贸易现况》）

依赖港口的贸易，一直是黎巴嫩产业结构中的重要一块。

“这起爆炸发生得太不是时候了，黎巴嫩正在经历严重的经济危机。港口是黎巴嫩进口食品和其他获取的枢纽。”镜头前，黎巴嫩区域问题研究专家阿巴斯·阿拉维亚带着口罩无奈地说到，“我们就靠着港口来进行这些业务。”

黎巴嫩海关数据，2019年全年黎巴嫩主要进口的产品前10名分别为：石油类产品（63.39亿美元）、药品（7.92亿美元）、机动车辆（7.72亿美元）、黄金（4.84亿美元）、血清疫苗（4.24亿美元）、钻石（3.33亿美元）、活牛（2.73亿美元）、电话机及通信设备（2.6亿美元）、机动车辆配件（2.01亿美元）和螺纹钢（1.83亿美元）。

而到了今年1-5月，前10的进口名单中已经变为石油类产品（12.2亿美元）、药品（2.61亿美元）、黄金（2.19亿美元）、血清疫苗（1.96亿美元）、活牛（1.24亿美元）、机动车辆（9699.7万美元）、钻石（9691.2万美元）、小麦及混合麦（6398万美元）、石油气及其他烃类气（5546.8万美元）和大米（4539.3万美元）。

可以发现，食品在黎巴嫩进口贸易中的地位逐渐提高。这也是为什么阿巴斯·阿拉维亚说那番话的原因了。

黎巴嫩正处于历史上最糟糕的经济周期中，而食物正成为港口越来越重要的货物。

（贝鲁特港口爆炸前后对比，图片来自网络）
崩溃边缘：爆炸、罢工、冲突

爆炸事件发生后，总统奥恩表示，多达2750吨硝酸铵“在缺乏必要安全措施的情况下”被堆放长达6年，不可接受，所有相关责任人必将受到严厉惩罚，贝鲁特将进入为期两周的紧急状态。

硝酸铵是什么？这种化学品常用来制造化肥和炸药。

资料显示，硝酸铵不应该存放在易燃物质附近。硝酸铵与某些物质如氯酸盐，无机酸和金属硫化物不相容，接触会导致剧烈甚至猛烈的分解。

碰撞、过热都易爆炸。

但，就是这2750吨易燃易爆炸的化学品，一直在没有安全规范的条件下，堆放了6年，导致港口成千上万的集装箱货物被毁，数千人死亡受伤。难以想象，这样的悲剧是发生某个国家首都，在不少人的认知中都觉得匪夷所思。

这里需要了解黎巴嫩正在经历着什么？

贝鲁特市长接受采访的视频被各大媒体和平台转载，标题大多为《黎巴嫩贝鲁特市长面对灾难现场痛哭，从未见过如此灾难》又或者是《贝鲁特市长受访时痛哭：场景如同广岛核爆》。

事实上，仔细看视频能发现，贝鲁特市长的痛哭，爆炸只是原因之一。

“我从没见过这样的灾难，是毁灭性的这是一场全国性的灾难，是全黎巴嫩的灾难，我们也不知道要如何度过。”此时市长单手指着附近被夷为平地的现场，表情严肃。

此时市长的表情看不出焦虑，看不出恐惧，看不到悲伤，就像大部分等正在处理危机的大家长一样，他说到鼓舞士气的话：“我们必须坚强下去，勇敢下去。“

真正让他在公众场合哭得如同一个孩子，是那句——我们的人民经历了这么多。


黎巴嫩的人民到底经历了什么？

贝鲁特港口物品前10排名中食物比重的增加背后——对食物进口的依赖度更高，便是其中之一。

曾经与美元挂钩的因黎巴嫩镑（LBP）汇率暴跌，加上新冠病毒疫情冲击，黎巴嫩多个城市自6月11日开始爆发抗议活动，群众在路上纵火，与安全部队爆发冲突，直至入夜后紧张局势才降温。

综合路透社、法新社报道，黎巴嫩镑自去年10月以来贬值约70%，国家陷入金融危机，当地失业人数更超过总人口35%，贫困人口则激增至45%以上，百姓日子愈来愈难熬。


6月下旬，在黎巴嫩货币兑换组织(Syndicate of Money Changers)实施了一系列严格的美元购买限制。第二天，黎巴嫩黑市美元的交易价格一路下跌至历史最低的6075:1，与此前的固定汇率1507.5:1相比汇率贬值了75%，是该国历史上最大幅度的贬值。（央视新闻客户端 关盼盼《黎巴嫩镑下跌至历史新低》）

甚至，黎巴嫩还出具了相关规定，所有购买美元的黎巴嫩人必须出示证明其“需要”美元的文件，才可购买美元。

（爆炸后，微博上出现众多来自当地的消息）

这些政策并让颓势有所扭转，甚至到了7月，事态愈演愈烈。

黎巴嫩人开始在社交媒体平台交换物品，以维持最基本的生活，交换的客体基本为糖、牛奶、衣服或者其他基本的生活用品。

一边是新冠疫情，一边是正在崩溃的经济，民众已经无法维持正常的日常生活。

据央视报道中的数据显示，黎巴嫩超过80%的食品依赖进口，导致现在的食品通胀年率达到190%。今年5月，黎巴嫩的失业率也已经超过30%。同时，电力供应短缺也是当地民众必须面对的问题。在7月份，首都贝鲁特的部分区域每天的断电时间甚至超过20个小时，这使得当地的主要医院也无法正常工作，一些手术被推迟。

据CNN报道，当地一个9个月大的婴儿，因为生病需要使用设备服药。但因家里没有电，他的父亲不得不把婴儿抱到电力公司，要求工作人员让婴儿在那儿连接机器。

在此背景下，来看这次爆炸的原因，似乎也能理解了。

产业渡劫：屹立不倒的金融？

因微信没有回复，算着时差，忍到午后，俞东名给他的黎巴嫩大佬打了电话。

因为只知道总机，不知道分机，分开打了3个电话，依旧联系不到一直和他沟通的对接人。俞东名开始有些害怕和担心了：“不回微信，电话联系不上，有一阵子还是挺担心的。一个是他的人身安全，还有一个就是他们的厂房安全，另外，他们还有六七万美金的货款没有回。如果出事，我也不知道该怎么处理这笔货款问题。”

“我的大佬是黎巴嫩卫生用品行业的数一数二的，在沙特、埃及、迪拜都有分厂，一直以来信誉度都很好，应该没事。”事发后，一直联系不上客户的俞东名只能自我安慰，等待回复。

“他们还肩负着给黎巴嫩人民做口罩的业务。” 俞东名的这个客户疫情后就开始通过改造设备的方式投入到口罩行业，但过程也并没有那么简单，“他们苦苦改了两个月的生产线，才把原来的纸尿裤生产线改成了口罩线，就是这样每分钟也只能出600多片口罩。”

据了解，中国国产口罩设备，平均在每分钟可达到1000片。

实际上，中国一直黎巴嫩重要的贸易伙伴。

（2005至2014 年中国同黎巴嫩贸易情况）

据黎巴嫩海关统计，2019年全年黎巴嫩贸易总额约为229.7亿美元，同比增长0.2%。其中，黎进口额192.39亿美元，同比下降3.7%;出口额37.31亿美元，同比增长26.4%；贸易逆差155.08亿美元，同比下降8.9%。其中，2019年全年，黎巴嫩向中国共进口16.27亿美元，排名第二，与排名第一的美国（17.05亿美元），相差0.78亿美元。

实际上，贸易和枢纽之外，黎巴嫩的招牌产业是金融。

近几年来，黎巴嫩的经济结构一直存在较大的缺陷：农业欠发达，工业基础又相对薄弱，而旅游、房地产等原来的优势行业又因为受到政局不稳定的影响，受到了冲击。

而金融是少有的屹立不倒的产业。

甚至，2006年黎以冲突爆发，其金融业再一次经受住了考验，显示出很强的抗风险能力，黎镑汇率与冲突前持平，资金抽逃也得到了有效控制。据IMF统计，2011年末，黎商业银行存款余额相当于其GDP总数的296.7%，该比例居全球164个国家或地区第5位。

那这次黎巴嫩该如何度过这场劫难呢？

黎巴嫩经济学家 Nesreen Salti 曾撰写的一份研究报告指出，“只有重大的安全事件才能够影响黎经济总体走势，黎经济在过去几年中表现出很强的韧性，重大事件才能对黎经济造成实质性冲击。而其他暗杀、爆炸、冲突和罢工对其研究所覆盖的经济领域影响有限”。（Nesreen Salti《黎巴嫩学者研究认为黎经济对危机有很强的免疫力》）

从黎镑的汇率来看，这次显然不是一次简单的爆炸、罢工、冲突。

5日晚上11点，俞东名口中的黎巴嫩大佬给他回了微信。

“他没有事，他们的公司也一切正常，但是同事的妻子在这场爆炸中去世了。但还是觉得很痛心，认识的人里就有遇难者。想想今天微博上看到照片里那些被误认为是鸟的人……”俞东名说到。

（应采访对象要求，文中人名均为化名）"
29,http://m.yicai.com/news/100618985.html,,,,
30,http://toutiao.com/group/6835782291466224131/,多个港口总体规划获批，港口建设是否会成建筑央企新的增长点？,基建通,2020-06-08 09:26:30,"定制您的项目管家，实现项目进度管理的数字化
欢迎拨打基建通客服电话：400-8529696，了解详情
来源：交通运输部、湖北人民政府、江西人民政府、网络资讯、基建通等
作者：槑槑
转载请注明来源与作者，谢谢合作！
最近，多个港口总体规划传来新的动态，获得批复的也有不少。
01黄石港总体规划获批复
6 月 1 日从黄石市交通局获悉，《黄石港总体规划（2035 年）》近日获得交通部和湖北省政府联合批复。港口岸线 15.136km，对比上轮规划的 33.07km 调减港口岸线 17.934km，港口岸线调减比例高达 54.23%。
《规划》确立了黄石港“一核两翼三港区”的总体布局，形成以棋盘洲港区为核心，城区港区、阳新港区为两翼，三大港区分工明确、功能互补、协同发展。
棋盘港区以大宗散货、件杂货、集装箱运输为主，涵盖危险化学品装卸、汽车滚装、水上支持保障等功能，主要为黄石市经济社会发展和腹地对外贸易服务。
城区港区以现有沿江钢铁企业原料及产成品运输为主，保留现状旅游客运和公务码头，部分现状码头功能调整后将重点发展长江旅游客运、亲水休闲等水上服务业。
阳新港区以矿建材料、件杂货、液体散货运输为主，主要为临江矿产资源开发和当地经济发展服务。
02 宜昌港总体规划获批复
5 月 12 日，交通运输部、湖北省人民政府发布关于宜昌港总体规划（2035 年）的批复，港口岸线长度 78.34 千米，含已利用港口岸线 50.2 千米。
宜昌港划分 6 个港区，即主城港区、秭归港区、兴山港区、宜都港区、枝江港区和长阳港区。
主城港区以集装箱、滚装运输、大宗散货、旅游客运为主，主要为三峡翻坝转运、多式联运和宜昌市及周边经济发展服务。
秭归港区以旅游客运、件杂、滚装运输为主，兼顾集装箱和危险品运输，主要为三峡翻坝转运和当地经济发展服务。
宜都港区、枝江港区以大宗散货和危险品运输为主，主要为区域经济发展和后方化工产业园区服务，枝江港区远期承接主城港区转移的部分货运和修造船功能。
兴山港区主要为香溪河的非金属矿石开发外运和旅游客运发展服务。
长阳港区主要为清江旅游客运和当地经济发展服务。
03 宜春港总体规划获批复
5 月 21 日，江西省人民政府发布关于宜春港总体规划的批复，港口岸线 26.76 公里，其中已开发利用 2072.5 米。
宜春港划分为樟树、丰城、袁州、上高、高安、铜鼓 6 个港区。
樟树港区以散、件杂货运输为主，积极发展集装箱运输，主要为樟树市及周边高安市、渝水区等地提供运输服务。
丰城港区以散、件杂货和集装箱运输为主，主要为丰城市及周边高安市、南昌县等地提供运输服务。
袁州、上高、高安、铜鼓港区以旅游客运为主，为地方旅游发展服务。
04 合肥港总体规划获批复
3 月 31 日，交通运输部、安徽省人民政府发布关于合肥港总体规划（2035 年）的批复。规划港口岸线 35.97 千米，已开发利用 8.57 千米。
合肥港划分为南淝河、江淮运河、丰乐河、白石天河、兆西河、裕溪河、环湖 7 个港区。
南淝河港区是以集装箱、散货、件杂货、石油化工品为主的综合性港区，主要为合肥市东部片区发展服务；
江淮运河港区是以集装箱、散货、件杂货、商品汽车滚装为主的综合性港区，主要为合肥市及皖西北等地区发展服务；
兆西河港区以散货、件杂货、石油化工品为主，主要为庐江高新区龙桥板块以及重点乡镇发展服务；
裕溪河港区以散货、件杂货、集装箱运输为主，主要为巢湖市产业园区发展服务；
丰乐河港区、白石天河港区以散货、件杂货运输为主，主要为沿河产业园区和重点乡镇发展服务；
环湖港区以散货和旅游客运服务为主，主要为环巢湖旅游开发和矿产资源开发服务。
5 月 20 日，南通港总体规划(2018-2035 年)通过审查。
5 月 26 日，恩施港总体规划局部调整专项规划通过评审。
6 月 3 日，《襄阳港总体规划（征求意见稿）》专题研讨会召开。
6 月 4 日，肇庆港总体规划环境影响评价项目竞争性磋商公告发布。
......
为什么港口建设迎来新一轮发展热潮？
港口是综合交通运输枢纽，也是经济社会发展的战略资源和重要支撑。
1
港口建设费减免执行期限延长到今年年底
今年两会，政府工作报告指出：加大减税降费力度，港口建设费减免执行期限延长到今年年底，加快海南自由贸易港建设，深入推进京津冀协同发展、粤港澳大湾区建设、长三角一体化发展，加强交通、水利等重大工程建设。
2
加快建设世界一流港口
6 月 2 日，交通运输部副部长刘小明在大型港口企业座谈会上表示，全面落实全国两会部署要求，统筹抓好疫情防控和经济社会发展各项工作，加快建设世界一流港口，为交通强国和经济强国建设当好先行、提供保障。
3
交通运输部印发《内河航运发展纲要》
而 2020 年 6 月 4 日，交通运输部印发《内河航运发展纲要》，提出 2035 年、2050 年建设现代化内河航运体系的相关发展目标。
其中千吨级航道达到 2.5 万公里；主要港口重点港区基本实现铁路进港；内河货物周转量占全社会比重达 9%；重要航段应急到达时间不超过 45 分钟，主要港口（区）应急到达时间不超过 30 分钟；新能源和清洁能源船占比显著提高，船舶污水垃圾等污染物实现应收尽收、达标排放；物联网、人工智能等新一代信息技术在内河航运广泛应用。
随着《内河航运发展纲要》的发布，港口建设市场或将迎来新一轮发展热潮。
相关企业提前布局
一系列举措推动着港口建设加快发展，随着港口基础设施投资呈现智能化、信息化、综合化趋势，不少相关企业提前布局，在智慧绿色港口建设方面更是有了实质性的进展：
5 月 8 日，广州港集团、上海振华重工（集团）、联通广州分公司、华为公司签订智慧港口 5G 联合应用创新合作意向书，共同提出港口 5G 专案建设模式及内容，联合在南沙港区四期工程打造粤港澳大湾区首个全自动化码头和全国 5G 应用示范工程。
5 月 28 日，招商局港口集团股份有限公司与阿里巴巴集团、蚂蚁集团三方在京港深杭四地通过“链签约”新形式签署战略合作框架协议，旨在发挥三方在行业内的资源和技术优势，共同促进港口产业+互联网深度融合，建设“智慧港口开放平台”，打造世界一流智慧港口。
6 月 2 日，山东一流智慧绿色港口建设推进大会在青岛举办，据悉，山东省港口集团获批成为全国首个“智慧港口建设”试点单位。
山东省港口集团目前已建成全球领先的集装箱全自动化码头和自动化堆场，解决永续充电、无人驾驶等世界难题，作业效率提升 30%，缩减人员 50%以上。同时，大力推进信息无纸化、电子化进程，在全国口岸率先打造了关港一体、船岸一体的“智检口岸”新模式。
自 2019 年 8 月成立以来，山东省港口集团全面推进山东港口一体化改革，将青岛港、日照港、烟台港和渤海湾港四大港口集团整合为一。此后，山东省港口集团试图跳出港口窠臼，组建了物流、航运、金控、贸易、科技、港湾建设、产城融合、邮轮文旅、装备制造、海外发展等十个业务板块，分别成立专业化集团。
5 月 20 日，山东港口首个板块集团——山东港口陆海国际物流集团有限公司在济南揭牌。
5 月 28 日，山东省港口集团金控、航运、邮轮文旅三大板块公司在青岛揭牌。
建筑央企何去何从？
在港口建设迎来新一轮发展热潮的情况下，作为业务范围均包含港口及码头建设的中国建筑、中国中铁、中国铁建、中国交建、中国电建、中国能源建设等建筑央企，他们将何去何从呢？
据各大建筑央企 2019 年年报显示：
中国建筑拥有港口与航道施工总承包特级 1 个；
中国交建拥有港口与航道工程施工总承包特级资质 9 项；
中国中铁拥有港航工程施工总承包特级资质 1 项；
而作为中国最大港口建设企业的中国交建，承建了建国以来绝大多数沿海大中型港口码头，具有明显的竞争优势，与其形成实质竞争的对手相对有限。中国交建在国内及全球兴建港口，2019 年新签港口建设项目 231 个，新签合同额达 284.05 亿元，同比增长 4.11%。
6 月 3 日，国务院国资委与湖北省委、省政府共同举办中央企业助力湖北疫后重振发展视频会议。宋海良代表中交集团与湖北省交通投资集团签署了项目合作协议。双方将在公路、桥梁、港口、码头、航道、铁路、隧道、市政等基础设施以及产城开发等业务领域进行重点合作，拟合作业务金额约 120 亿元，涉及项目总投资规模约 800 亿元。
港口建设是否会成为建筑央企新的增长点呢？留言发表你的看法吧~

◆版权声明：我们尊重原创，也注重分享。有部分内容来自互联网，版权归原作者所有，仅供学习参考之用，禁止用于商业用途，如无意中侵犯了哪个媒体、公司 、企业或个人等的知识产权，请联系删除，本公众平台将不承担任何责任。
◆免责声明：本平台对转载、分享的内容、陈述、观点判断保持中立，不对所包含内容的准确性、可靠性或完善性提供任何明示或暗示的保证，仅供读者参考，本公众平台将不承担任何责任。
◆以上声明内容的最终解释权归本公众平台所有，本平台发表的文章将不再一一备注，本声明将适用本平台所有时间分享与转载文章，谢谢您的合作！"
31,http://toutiao.com/group/6857377745970659851/,中国十大港口，国家经济增长的重要体现,寒门烛光,2020-08-05 14:07:55,"港口的定义：港口是位于海、江、河、湖、水库沿岸，具有水陆联运设备以及条件以供船舶安全进出和停泊的运输枢纽，
是水陆交通的集结点和枢纽处，是工农业产品和外贸进出口物资的集散地，也是船舶停泊、装卸货物、上下旅客、补充给养的场所。
在我国，沿海港口建设重点围绕煤炭、集装箱、进口铁矿石、粮食、陆岛滚装、深水出海航道等运输系统进行，特别加强了集装箱运输系统的建设，沿海港口共有中级以上泊位2500多个，其中万吨级泊位650多个;全年完成集装箱吞吐量6150万标准箱，跃居世界第一位。
在众多的港口中，位居我国前十的港口分别是哪些呢？
1、上海港
上海港水域面积3620.2平方公里，其中长江口水域3580平方公里，黄浦江水域33平方公里，港区陆域7.2平方公里，海港港区陆域由长江口南岸港区、杭州湾北岸港区、黄浦江港区、洋山深水港区组成 ，是我国第一大港，也是世界十大港口之一。
2、宁波-舟山港
宁波舟山港由北仑、洋山、六横、衢山、穿山等19个港区组成，共有生产泊位620多座，其中万吨级以上大型泊位近160座，5万吨级以上的大型、特大型深水泊位90多座，是世界十大港口之一。
3、深圳港
深圳港拥有蛇口、赤湾、妈湾、东角头、盐田、福永机场、沙鱼涌、内河8个港区，港口水域面积106平方千米，陆域面积16平方千米 ，是世界十大港口之一。
4、香港港
香港港有15个港区:香港仔、青山(屯门)、长洲、吉澳、流浮山、西贡、沙头角、深井、银矿湾、赤柱(东)、赤柱(西)、大澳、大埔、塔门和维多利亚，是世界十大港口之一。
5、广州港
广州港是由南沙港、黄埔港、番禺港、花都港、新塘港等港区组成 ，拥有各类码头泊位631个，锚地88个，浮筒23个，万吨级以上泊位59个，最大靠泊能力15万吨。
6、天津港
天津港由北疆港区、南疆港区、东疆港区、临港经济区南部区域、南港港区东部区域5个港区组成，港口岸线总长32.7千米，水域面积336平方千米，陆域面积131平方千米，是世界十大港口之一。
7、青岛港
青岛港分大港港区、中港港区、黄岛油港港区和前湾港港区四大部分，港口水域面积420平方千米 ，拥有18座码头、69个泊位，是世界十大港口之一 。
8、秦皇岛港
秦皇岛港拥有12.2千米长的码头岸线，陆域面积11.3平方千米，水域面积226.9平方千米，分为东、西两大港区;运营50个泊位，包括44个万吨级以上泊位。
9、苏州港
苏州港地处中国南北海运大通道和长江黄金水道的交汇处，对外交通十分便捷，已开发利用长江上的港口岸线约60千米，建成各类生产性码头泊位224个，其中万吨级以上泊位106个，形成2.1亿吨的码头年设计吞吐能力。
10、营口港
营口港由营口港区、鲅鱼圈港区共同组成,，曾是我国东北地区唯一通商口岸，以“东方之贸易良港”闻名中外，进入21世纪后，营口港已向深水化、专业化、多功能化的现代港口迈进目前，共有生产泊位29个，万吨级以上深水泊位17个。
喜欢的朋友们欢迎@寒门烛光关注我，精彩内容等你来分享。"
32,http://mp.weixin.qq.com/s?__biz=MjM5MjAyNzg2MA==&mid=2653368039&idx=2&sn=1923c72c55e664062817a16f55afc867,,,,
33,http://toutiao.com/group/6829562451290227208/,20个世界上最美的港口，从美国到意大利、挪威，其中有权游拍摄地,蜂鸟摄影,2020-05-22 15:10:21,"美丽的海港永远充满浪漫和迷人，今天这一系列令人叹为观止的照片，将带您走遍全球，看遍全球最美的15个港口，向下滚动，您几乎可以闻到海洋的空气。（手机上看完全感受不到震撼，建议用电脑看）
克罗地亚杜布罗夫尼克的旧城区港口，是15世纪防御工事的一部分，曾经是该市贸易船队的枢纽。港口最引人注目的功能是圣约翰堡，该堡建于1346年，旨在保护城市免受海盗的袭击。史诗大片《权利游戏》就是在这里取景。想看中世纪的港口，就去这里绝不负所望。
Portloe的童话海港-康沃尔郡最美丽的村庄之一
那不勒斯海湾，普罗奇达岛上玛丽娜·科里塞拉（Marina Corricella）令人难以置信的浪漫彩虹般的港口

看一下位于摩纳哥的203英尺高的岩石，位于蒙特维罗的丰特维耶港（如图）和赫拉克勒港之间
里约热内卢（Rio de Janeiro）令人叹为观止的海岸线，舒格洛夫山（Sugarloaf Mountain）守卫瓜纳巴拉湾（Guanabara Bay），124英尺的装饰艺术基督救世主雕像从科尔科瓦多（Corcovado）山顶凝望
威尼斯整个是联合国教科文组织的遗产地
卑尔根，由七个山丘和港口构成，不仅有美丽的海港，还有可爱的clapperboard房屋和抽屉式博物馆、
日内瓦港口和日内瓦湖是不容错过的景点。
纳闽巴霍是印度尼西亚，东部的一个钓鱼小镇，拥有最迷人的港口，是前往附近的科莫多岛和林卡岛旅行的起点，科莫多巨蜥居住在这里
在安提瓜和巴布达的天堂岛上的英吉利海港和纳尔逊造船厂
加拿大：温哥华港是空前壮观
305英尺高（如果包括基座）的自由女神像朝着巨大的纽约天际线眺望
挪威，罗弗敦群岛港口城市斯沃尔韦尔的壮丽鸟瞰图
黑山亚得里亚海沿岸的科托尔
悉尼海滨地区的最佳方法之一，就是跳上经过歌剧院和悉尼海港大桥的渡轮
香港仔港湾和鸭Lei洲大桥的迷人鸟瞰图
意大利撒丁岛上的罗托通码头
瓦莱塔港，在马耳他。Visitmalta.com正确地宣称它是世界上最壮观的港口之一。
尼斯的港口，实际名称是林普亚港。是超级游艇发现和凝视美丽的18世纪建筑物的好地方

斯德哥尔摩美丽的老城区和海滨地区的迷人景色，看了这么多的港口城市，你最想去的是那个一个呢？"
34,https://3w.huanqiu.com/a/c36dc8/3xSEeU9VnFd?agt=20,,,,
35,http://m.yicai.com/news/100738983.html,,,,
36,http://toutiao.com/group/6688579356651946510/,世界主要港口分布图，有没有你向往的远方,章鱼杂谈,2019-05-08 17:03:56,"（部分港口）
现在是全球化时代，世界贸易，网络组织让我们密不可分，在这个背景下港口商贸显得尤为重要，跟着章鱼一起去看看世界范围内著名的港口吧！
多集中于本州岛的东海岸，面临浩浩荡荡的太平洋
这里被称为黄金水道，世界上大部分货物都会从这里经过
非洲的港口多集中在东海岸
中东地区的港口，主要是石油进出口使用
欧洲经济发达，人民生活水平高，优良港口多位于北方西欧地区
美国西海岸的港口，给第一经济强州加利福尼亚奠定了坚实基础
欢迎大家关注我的头条号，和我一起看地图，观世界！"
37,http://ex.chinadaily.com.cn/exchange/partners/77/rss/channel/cn/columns/32tlvc/stories/WS5dccf621a31099ab995ebeda.html,,,,
38,https://m.gmw.cn/toutiao/2020-04/15/content_1301149116.htm,,,,
39,http://toutiao.com/group/6652641102694187523/,广东省的十大港口一览,栀子随风城市百科,2019-01-31 20:45:09,"1、广州港
广州港是华南最大综合性枢纽港。广州从3世纪30年代起成为海上丝绸之路的主港，唐宋时期成为中国第一大港，是世界著名的东方大港。明清两代，广州成为中国唯一的对外贸易大港，是世界海上交通史上唯一2000多年长盛不衰的大港，可以称为“历久不衰的海上丝绸之路东方发祥地”。2016年，广州港完成货物吞吐量5.44亿吨，同比增长4.5%，居华南第一位，国内沿海港口第四位，全球港口第六位；完成集装箱吞吐量1886万标准箱，同比增长7.0%。
2、深圳港
深圳港位于广东省珠江三角洲南部，珠江入海口伶仃洋东岸，毗邻香港。世界上港口比较知名闻名，全市260公里的海岸线被九龙半岛分割为东西两大部分。西部港区位于珠江入海口伶仃洋东岸，水深港阔，天然屏障良好，南距香港20海里，北至广州60海里，经珠江水系可与珠江三角洲水网地区各市、县相连，经香港暗士顿水道可达国内沿海及世界各地港口。东部港区位于大鹏湾内，湾内水深12至14米，海面开阔，风平浪静，是华南地区优良的天然港湾。2016年深圳港货物吞吐量达21409.87万吨。
3、湛江港
湛江港前身为“广州湾”（也是湛江旧称，湛江曾沦为法国殖民地）位于中国大陆最南端的广东省雷州半岛（湛江市），东临南海，南望海南岛，西靠北部湾，北倚大西南。湛江港素以天然深水良港著称，是中国大陆通往东南亚、非洲、欧洲和大洋洲航程最短的港口，是中国大西南和华南地区货物的出海主通道，是全国20个沿海主要枢纽港之一，现已与世界100多个国家和地区通航。2016年湛江港港口完成货物吞吐量25633.38万吨。
4、珠海港
珠海位于广东省南部，珠江口右岸，珠江八大出海口的五门 ( 金星门、磨刀门、鸡啼门、虎跳门和崖门 ) 汇流入海处。珠海南与澳门陆地相连，东与深圳、香港隔海相望，西隔虎跳门、崖门与台山新会相望，北与中山接壤。全市 7660 平方公里，其中海域面积 6030 平方公里，拥有 146 个海岛，陆域面积 1630 平方公里。海岸线总长 691 公里 ，距离大西国际水道仅1海里，通过西江可实现江海联运。2016年珠海港港口货物吞吐量达11778.13万吨。
5、东莞港
东莞港是在1997年，国务院批准东莞沙田港与太平港合并，建设国家一类口岸，定名为虎门巷。2003年虎门港管理委员会正式成立，全面统筹开发虎门港，虎门港划分为麻涌、沙田、沙角、长安和内河等五大港区，这一时期开始虎门港等同于东莞港，虎门港就是东莞港。为了促进港城协调发展，2016年03月12日交通部同意将虎门港更名为“东莞港”，虎门港区为东莞港其中一个港区。2017年上半年东莞港货物吞吐量达7474.5万吨。
6、佛山港
佛山港位于广东省中南部，珠江三角洲腹地，东倚广州，西接肇庆，南连珠海，北通清远，毗邻港澳，地理位置十分优越。佛山毗邻广州，从而使佛山能充分接受广州的辐射和带动，与广州共享交通网络资源、金融资本资源、人才资源和信息资源，实现产业联动和功能互补，加快区域经济一体化和城市化进程，构建“广佛都市圈”。截止2017年11月份，佛山港货物吞吐量达7277万吨，外贸货物吞吐量达2502万吨，集装箱吞吐量达357.36万TEU。
7、江门港
江门港运口岸历史最悠久的客运口岸，现位于西江河段江门外海大桥下游1.5公里处，江门市江海区金瓯路1号，1997年6月13日建成投入使用，并由江门北街迁址于此。口岸范围占地面积8万平方米，建有码头长度133米，泊位3个；查验综合大楼建筑面积4万平方米，内有大堂、出入境检查厅、候船室、免税商场、票务窗口、办公用房、物业管理、游艇会、照明会等；港口广场及绿化面积6.5万平方米，地下停车库建筑面积8551平方米。2016年江门港货物吞吐量达7923.04万吨。
8、中山港
中山港位于广东省中山市，全称为：中山港国际货柜码头。中山港地处珠江三角洲中心偏南，毗邻深圳、香港（距离香港为55海里，距离澳门为38海里，距离深圳盐田为110海里，距离蛇口为45海里），横门出海航道水深6米，航道宽120米（按双向通航3000吨海轮航道设计），水陆交通便利，区位优势明显，腹地纵深广阔，货物可在当天报关出口，确保运输的时效性，是珠江三角洲最快捷的货物进出口通道之一。2015年中山港货物吞吐量达6833万吨。
9、汕头港
汕头港是中国华南地区对外贸易的重要口岸，是沿海25个国家级主要港口之一，是广东省东翼唯一的主要港口。汕头港历史悠久。潮汕地区早在秦代以前就出现了航海活动，明朝开始汕头就成为“互市之地”。汕头港是中国最早对外开放的港口城市之一，于1860年开埠，是一个150年历史的老港。汕头港至今已与世界57个国家和地区的268个港口有货物往来。现有7个港区，500吨级以上泊位86个，其中万吨级深水泊位18个。2016年汕头港全年货物吞吐量达4985.02万吨。
10、茂名港
茂名港位于广东省茂名市境内，是国家一类对外开放口岸，地处我国南部沿海、广东省西部，地理位置极其优越，是广湛水陆交通线的中心点，东接珠三角，西临北部湾，南濒南海，面向东南亚，北靠广阔的大西南、中南地区，是粤西地区的中心枢纽。现辖水东港区、博贺新港区、吉达港区三个港区，是广东省区域性重要港口，国家沿海港口布局规划的珠三角地区港口群中进口石油、天然气接卸中转储运系统的主要港口，交通部规划的全国沿海港口大型货主码头，也是国家四大进口原油接卸港。2016年货物吞吐量达到2552.28万吨。"
40,http://toutiao.com/group/6845833083346747912/,,,,
41,http://toutiao.com/group/6620243461771624967/,中国十大港口城市,栀子随风城市百科,2018-11-05 13:25:46,"中国十大港口城市定义：以城市所拥有的港口吞吐量，港口级别等为依据
上海
上海港控江襟海，地处长三角水网地带，水路交通十分发达。
上海
宁波
宁波港由北仑港区、镇海港区、宁波港区、大榭港区、穿山港区组成，是一个集内河港、河口港和海港于一体的多功能、综合性的现代化深水大港。
宁波
天津
天津港地处渤海湾西端，是我国华北西北和京津地区的重要水路交通枢纽。
天津
广州
广州港地处我国外向型经济最活跃的珠江三角洲地区中心。
广州
青岛
青岛港是国家特大型港口，由青岛老港区、黄岛油港区、前湾新港区三大港区组成。
青岛
秦皇岛
位于渤海岸的秦皇岛港，是我国北方的一座天然良港。
大连
大连港位居西北太平洋的中枢，是转运远东、南亚、北美、欧洲货物最便捷的港口。
大连
深圳
深圳港位于广东省珠江三角洲南部，珠江入海口伶仃洋东岸，毗邻香港，是华南地区优良的天然港湾。
深圳
舟山
舟山港位于浙江省舟山群岛舟山市，背靠经济发达的长江三角洲，是江浙和长江流域诸省的海上门户。
舟山港
营口
营口港由营口港区、鲅鱼圈港区共同组成。营口港历史悠久，曾是我国东北地区惟一通商口岸，以“东方之贸易良港”闻名中外。
营口港"
42,http://toutiao.com/group/6774156936871936524/,港口建设及其意义,老丁侃地理,2019-12-25 18:41:00,"试题引入：
（2019全国高三专题练习）海河是我国输沙量较大的河流之一。渤海湾内港口众多，其中天津港是规模最大的港口，也是世界上淤泥质海岸最大的深水良港。据此完成1～2题。
1．天津港
①夏季的赤潮可能影响港口作业
②冬季的大风可能导致轮船停航
③冬季的海冰可能影响港口作业
④夏季的台风会导致轮船长时间停航
A．①②③ B．②③④
C．①③④ D．①②④
2．河北省的港口位于天津港的南北两侧，但大多数规模较小，造成该局面的原因是
A．地理位置接近，彼此竞争激烈
B．行政区划限制，缺乏统一规划
C．水运条件不佳，物资进出困难
D．陆路运输不便，货物无法到达港口
答案解析：

1．A 天津港港湾封闭，夏季海水温度高，沿岸工业发达，水体富营养化，容易发生赤潮，冬季受西北季风影响，会导致轮船停航，纬度高，冬季温度低，海冰会影响港口作业，台风主要影响我国南方沿海地区，而天津纬度高，一般不会受到台风的影响。
2．A 天津港发展历史悠久，港口自然条件较好，所以河北省的港口与天津港的位置较近，彼此形成了竞争，影响到河北省港口的发展，规模较小。
背景分析：
港口是具有一定面积的水域和陆域，供船舶出入和停泊、货物和旅客集散的场所（如下图）。港口是各种运输工具衔接和转换的地方，由水路可与海洋、内河沟通；从陆上可与铁路、公路连接。在整个交通体系中占重要地位。港口的区位不仅要受到水域条件（如航行条件、停泊条件）的影响，还要受到陆域条件（如筑港条件、腹地条件）的影响。
天津港（38°59′N、117°42′E）位于海河下游及其入海口处，地处渤海湾西端，背靠雄安新区，辐射东北、华北、西北等内陆腹地，连接东北亚与中西亚，是京津冀的海上门户，是中蒙俄经济走廊东部起点、新亚欧大陆桥重要节点、21世纪海上丝绸之路战略支点。天津港港口岸线总长32.7千米，水域面积336平方千米，陆域面积131平方千米。2018年，天津港货物吞吐量44604万吨，外贸货物吞吐量完成25864万吨。
唐代，天津港形成；清咸丰十年（1860年），天津港对外开埠，成为通商口岸；1952年10月17日，天津港重新开港。
例题：
下图中甲港是中国最大的人工海港，是我国对外贸易的重要口岸。目前，该港吞吐量跃居世界第四位。
（1）图中所示地区河网较密，但多数河流不利航运，说明其自然原因。
（2）分析甲港的区位优势。
答案：
(1)流量小，汛期短，径流季节变化大；有结冰期；含沙量大，泥沙淤塞，河床浅；干流通航里程短；中上游落差大，水流急。
(2)位于渤海湾上的海河入海口；地处平原，便于建港；处于京津城市带和环渤海经济圈的交汇点上；该地区城市稠密，经济腹地广阔；是首都北京和天津市的海上门户。(任答4点即可)
知识结构：
做题巩固：
1．阅读图文资料，完成下列要求。
《京津冀协同发展规划纲要》明确了京、津、冀在协同发展中的战略定位。(如下图文字所示)
为实现天津市“北方国际航运核心区”的定位，天津港将原有的煤炭、石油、矿石运输业务分别转移到周边其他港口（秦皇岛港、黄骅港和唐山港）。这对天津港和周边其他港口分别有何好处？
2．阅读图文资料，完成下列要求。
（1）香港是世界最大的港口之一，简述其形成的区位条件。
2017年7月7日，横跨珠江口两岸的港珠澳大桥主体工程贯通。大桥全长55千米，采用桥隧结合的方式建造，是世界最长、技术水平最高的跨海大桥。
（2）分析港珠澳大桥施工难度大、成本高的原因。
（3）简述港珠澳大桥通车后对周边城市发展的积极影响。
参考答案：
1．天津港：促进港口转型升级（促进港口设备更新；减少港区污染）。
周边其他港口：增加吞吐量（提高经济效益；提升专业化运输功能）。
2．（1）邻近珠江三角洲、东南亚地区，地理位置优越；水域宽阔；水深条件好；港口被岛屿和大陆环抱，避风条件好；腹地广阔、经济较发达，运输需求量大；香港资金、技术力量雄厚；政策支持等。
（2）海域宽阔，桥梁跨度大；桥、隧结合，海底地质（水文）条件复杂；季风气候，夏季多暴雨、多台风活动（气象条件复杂）；海水腐蚀性强，对建筑材料要求高等。
（3）促进城市间交通网络发展，加强联系；促进城市等级提升（城市规模扩大）；城市服务范围扩大；城市服务功能增强；城市空间结构变化等。"
43,https://m.jiemian.com/article/3736560_toutiao.html,,,,
44,https://m.thecover.cn/news_details.html?from=web&id=4968989,,,,
45,https://rev.uar.hubpd.com/static/tpl/contentFrame/toutiao/contentFrame.html?itemId=9989b1da10c29ab9e007943d7b9aa2c2&at=UAR-000405_374,,,,
46,https://m.gmw.cn/toutiao/2020-09/01/content_1301513412.htm,,,,
47,http://ex.chinadaily.com.cn/exchange/partners/77/rss/channel/language/columns/ohe6en/stories/WS5dd1ee00a310cf3e35577edd.html,,,,
48,https://www.guancha.cn/politics/2019_11_13_525014.shtml,,,,
49,http://sd.iqilu.com/share/article/5839045.html,,,,
50,https://m.gmw.cn/toutiao/2020-08/06/content_1301431017.htm,,,,
51,http://toutiao.com/group/6531250650016121357/,厉害了中国！世界十大港口中国霸气占七个,原理控,2018-03-10 17:48:12,"港口是国内路网的终点，同时也是通往世界的起点。港口，在一国经济发展和全球的物流运输中承担着重要角色！
全球排名前十的港口中有7个位于中国，上海港第一，深圳港、宁波—舟山港分列第三、四位。我国是世界第一货物贸易大国，90%以上的外贸货物通过海运完成。作为交通和物流枢纽，中国港口正在“一带一路”战略中扮演着重要角色。
上海港·中国
地处长江东西运输通道与海上南北运输通道的交汇点，是中国沿海的主要枢纽港，上海港年吞吐量将突破4000万标准箱，等于美国所有港口吞吐量之和，体量达到目前全球港口年吞吐量的十分之一，高居全球海港吞吐量榜首。
新加坡港·新加坡
位于新加坡南部沿海，西临马六甲海峡，是亚太地区最大的转口港。此港扼太平洋及印度洋之间的航运要道，战略地位十分重要。13世纪开始便是国际贸易港口，也是该国的政治、经济、文化和交通的中心。
深圳港·中国
位于珠江三角洲南部，毗邻香港。有东西两港，经香港暗士顿水道可达国内沿海及世界各港口。
舟山港·中国
该港是以水水中转为主要功能的深水良港，国际上与日本、韩国、新加坡、马来西亚、美国、俄罗斯、及中东地区均有贸易往来。
香港港·中国
该港是中国天然良港，远东的航运中心。香港港口是全球最繁忙和最高效率的国际集装箱港口之一，也是全球供应链上的主要枢纽港。目前有80多条国际班轮每周提供约500班集装箱班轮服务，连接香港至世界500多个目的地。
釜山港·韩国
位于韩国东南沿海，是韩国最大，世界第6的集装箱港口，它是韩国海陆空交通的枢纽，又是金融和商业中心。吞吐量曾居世界第5。
广州港·中国
广州港是中国第四大港口，曾居世界第5大港，从3世纪30年代开始成为海上丝绸之路的主港口，唐宋时期成为中国第一大港，明清两朝是中国唯一对外开放的贸易大港，是世界史上唯一一个2000多年仍长盛不衰的国际大港。
青岛港·中国
位于山东半岛的胶州湾内，始建于1892年，已有124年历史。是我国第二个外贸亿吨吞吐大港，是太平洋西海岸重要的国际贸易口岸和海上运输枢纽。
迪拜港·阿联酋
位于阿联酋东北沿海，濒临波斯湾南侧。又名拉希德港，是阿联酋最大的港口地处欧亚非三大洲的交汇点，是中东地区最大的自由贸易港，尤以转口贸易而著称。它是海湾地区的修船中心，拥有名列前茅的百万吨级的干船坞。
天津港·中国
位于天津海河入海口，处于京津冀城市群和环渤海经济圈的交汇点上，是中国北方最大的综合性和重要的对外贸易口岸，该港是在淤泥质浅滩上挖海建港、吹填造陆建成的世界航道等级最高的人工深水港。
世界十大港口中，有七个位于中国，这表明中国已经和世界融为一体，而港口恰恰就是中国和全球进行有机链接的节点。"
52,http://api.xinhua-news.com/newroute/newsdetail/101002019050800002850,,,,
53,http://toutiao.com/group/6734500877916176908/,港口的分类—中国海员之家,海员之家,2019-09-09 11:02:54,"1．按用途分
(1)商港：主要供旅客上下和货物装卸运转的港口。商港又可分为一般商港和专业港。专业港是专门从事一、两种货物装卸的港口。如我国的秦皇岛港以煤炭和石油装卸为主，宁波北仓港以中转铁矿石为主。
(2)渔港：专门为渔船服务的港口。
(3)军港：专供军队舰船用的港口。
(4)避风港：供大风时船舶临时来避风的港口。避风港一般很少有完善的设施，仅有一些简单的系靠设备。
(5)工业港：固定为某一工业企业服务的港口。它专门负责该企业原料、产品和所需物资的装卸转运工作。一般设在工厂企业附近，属该企业领导。
2．按地理位置分
(1)海港：为海船服务的，在自然地理和水文气象条件方***有海洋性质。海港包括海湾港、海峡港、河口港。海湾港位于海湾内，常有岬角或岛屿等天然屏障作保护，不需要或需要较少的防护即可防御风浪的侵袭；海峡港是海峡地带上的港口；河口港是位于河流入海口段的港口。
(2)河港：位于江河沿岸，具有河流水文特性的港口。
(3)湖港与水库港：位于湖泊和水库岸边的港
3．按国家政策分
(1)国内港：是经营国内贸易，专供本国船舶出入的港口。外国船舶除特殊情况外，不得任意出入。
(2)国际港：又称开放港，是指进行国际贸易，依照条约或法令所开放的港口。任何航行于国际航线的外籍船舶，经办理手续，均准许进出港口，但必须接受当地航政机关和海关的监督。到目前为止，我国已经有14个对外开放港口。
(3)自由港：所有进出该港的货物，允许其在港内储存、装配、加工、整理、制造再转运到他国，均免征关税。只有在转入内地时才收取一定的关税，如香港即为自由港。"
54,http://toutiao.com/group/6864845224800160525/,亚洲第二、世界第四！探秘深圳最大港口盐田港,南都直播,2020-08-25 17:05:32,深圳盐田港是亚洲第二、世界第四的国际深水港，是深圳发展港口物流、对外贸易的重要通道之一。8月25日下午5点35分，南都“深爱40，我圳好看”大型直播策划，带你探秘深圳最大港口盐田港，感受深圳经济发展速度。
55,http://toutiao.com/group/6746534497807778311/,厉害了：全球十大港口，有三个在粤港澳大湾区,英眼看房,2019-10-11 21:19:29,"文/曾英杰
根据相关资料的统计，全球35个国际化城市，其中有31个是因为拥有港口而发展起来。前10名的城市几乎都是港口城市，如纽约、伦敦、东京等。因此港口对于每一个国家和城市经济发展都起着非常重要的作用，而且随着全球贸易的加速，这种作用越来越重要。
还记得以前读书的时候，全球第一大港口还是鹿特丹港口。但在2018年全球港口排名中，上海港以4201万TEU的集装箱吞吐量稳居全球第一，此次是上海港连续第九年稳居全球第一。
粤港澳大湾区在港口资源这一方面，毫无疑问拥有傲视全球的实力。虽然上海港占据了全球第一大港，但粤港澳大湾区在港口数量上占据了绝对优势。
全球十大港口，粤港澳大湾区占了三个
知名航运分析机构Alphainer发布了2018年全球120大集装箱港口数据。排名前10港口，中国占据7席，其中仅粤港澳大湾区就占了三个。
其中，深圳港、香港港和广州港分别以2574万TEU、2521万TEU和1959万TEU排在全球第四、第五和第七位。
此外，东莞虎门港、佛山港、珠海港分别以350万TEU、334万TEU、231万TEU排在全球第46位、51位和82位。
除了这六个排名在全球前100的港口外，如果再加上河港，粤港澳大湾区拥有11个港口，港口数量基本可以排在全球首位。

大湾区港口功能逐步优化，迎来更大发展
在今年3月29日，广东省人民政府官网在公布《广东省推进运输结构调整实施方案》，对备受关注的广东省内主要的12个港口的功能定位进行了梳理，确定了未来的发展方向。
广州港作为内外贸集装箱干线港、煤炭和散粮中转港、商品汽车滚装运输枢纽港
深圳港作为全国外贸集装箱干线港
珠海港作为煤炭中转港和外贸进口铁矿石接卸港
惠州港、揭阳港作为外贸进口原油接卸港
佛山港作为粤港澳大湾区主要集装箱喂给港
东莞港作为内贸集装箱干线港、煤炭和散粮中转港、商品汽车滚装运输枢纽港
肇庆港作为珠三角连接大西南地区的水运集散中心，清远港作为大宗货物水路运输集散港的作用。
排在全球前列的港口资源，让粤港澳大湾区更加紧密、更加便捷的参与全球贸易和经济分工合作。"
56,http://home.xinhua-news.com/rss/newsdetail/9c33e795c9f4a9cd/1499941527033,,,,
57,http://sd.iqilu.com/share/article/6637107.html,,,,
58,https://app.cibresearch.com/shareUrl?name=000000006f7a59e2016f7bb662ac0017,,,,
59,http://www.nbd.com.cn/rss/toutiao/articles/1329562.html,,,,
60,http://toutiao.com/group/6657406185987113476/,加快全球经济布局，中国在全球打造八大港口,搜航网,2019-02-13 16:56:07,"中国目前正通过在斯里兰卡、缅甸、巴基斯坦等海洋沿岸国家建造一系列港口来为自己的国际实力打造基础设施。我们来看看其中较为重要的八个港口和其位置。
皎漂港
皎漂港在缅甸若开邦的兰里岛北端城镇皎漂经济特区，是兰里岛和大陆构成的一个南北向的狭长海港。在孟加拉湾东北部。皎漂港是中缅铁路的终点，中缅油气管道的石油线起点就位于皎漂地区的马德岛，天然气起点在马德岛的下方某地。皎漂港中的天然气管道和铁路，均为中国斥巨资打造。
缅甸皎漂港的地址位置

斯里兰卡汉班托塔港
汉班托塔港位于斯里兰卡首都科伦坡东南约240公里处，是一个有着悠久历史的港口城市。由中国港湾建设集团有限公司承建。汉班托特港地处南亚最南端，为中东、欧洲、非洲至东亚大陆的海运航线必经之地。全球50%以上的集装箱货运、三分之一散货海运及三分之二石油运输都要取道印度洋。几个重要交通咽喉，如霍尔木兹海峡和马六甲海峡，也都在印度洋上。
通过这里的油轮提供了中国进口石油的80%、印度进口石油的65%，日本几乎完全依赖通过印度洋的运输来保证能源供给。因此在印度洋获得实际影响力对中美日及其它很多国家都很重要。汉班托特对中国的意义在于它与印度南海岸接壤，能够成为中国在印度洋最重要的中转枢纽之一。图为斯里兰卡汉班托特港的位置。
巴基斯坦瓜达尔港
瓜达尔港是巴基斯坦的重要港口，瓜达尔港在是中国在印度洋海外战略中占据着重要的地理位置。瓜达尔港位于巴基斯坦西南边陲，靠近伊朗边境，距离“全球石油生命线”霍尔木兹海峡400公里。在瓜达尔港航线开通前，中国航运船必须从新加坡、马来西亚和印度尼西亚三国共同管辖的马六甲海峡通往印度洋。而现在，瓜达尔港的开航直接解开了中国在太平洋西岸的贸易枷锁。港口运行后，中国将货物运到中东、非洲也将比原先节约一个多月的时间，并将给中国西部地区带来更多的贸易机遇。
巴基斯坦瓜达尔港的地理位置

埃及苏伊士港
伊士港位于埃及苏伊士省苏伊士湾北部海岸，苏伊士是埃及东部的一个港口城市，位于苏伊士运河南端出口，是尼罗河和红海之间航运的重要中转站。2008年中埃在此建立境外交易协作区后，到2012年年产值就达到了约5,500多万美元，2014年又继续扩增港口面积。
埃及苏伊士港的地理位置

希腊比雷埃夫斯港
比雷埃夫斯港位于希腊东南部，为希腊最大港口，也是全球50大集装箱港及地中海东部地区最大的集装箱港口之一。2006年，比雷埃夫斯港排名欧洲十大集装箱码头之一。2008年中国用43亿欧元天价获得了该港的经营权，之后港口经济开展迅速，是被公认的在希腊最成功投资。
希腊比雷埃夫斯港的地理位置


东非吉布提港
吉布提港是东非吉布提共和国自由港，埃塞俄比亚中转港。位于吉布提东南沿海塔朱拉湾的南岸入口处，濒临亚丁湾的西南侧，是吉布提的最大海港，也是东非最大的现代化港口之一。吉布提港地处欧、亚、非三大洲交通要冲，也是各国军舰打击索马里海盗和远洋航行时的重要补给港口。
东非吉布提港的地理位置

巴布亚新几内亚莱城港
莱城是巴布亚新几内亚的第二大城市，莫雷贝省首府，人口约120,000。莱城位于新几内亚岛东部胡翁湾北岸近马卡姆河河口处，是巴布亚新几内亚的主要货物港口和工业城市。图为巴布亚新几内亚莱城港位置。
澳大利亚墨尔本港
墨尔本港位于澳大利亚东南部维多利亚州南部沿海的亚拉河口的墨尔本市，是澳大利亚最大的现代化港口，也是澳大利亚东南地区羊毛、肉类、水果及谷物的输出港，也是重要的国际贸易港口。中国主权财富基金中投公司将拥有墨尔本港五分之一的租赁权。"
61,http://toutiao.com/group/6851395581903192588/,我国10大海外港口基地，布局实现五大洲全覆盖，海洋经济走向深蓝,准哥看世界,2020-07-20 11:14:03,"近二十年来，我国投资或者承建了100多个海外港口项目，我国在海外租用港口总数已经达到了50个以上，今天我们就来了解一下我国10大海外港口的布局和发挥的作用。
第一个缅甸皎漂港，位于缅甸若开邦兰里岛北端城镇皎漂经济特区，是中缅油气管道的起始点，中国不仅投资十多亿美元来发展建设此港，更是追加二十多亿美元建设了从此港到我国云南约800公里的油气管道，以及新建客货铁路干线，几乎都为中国出资，总造价超二百多亿美元。该港口可以大大降低我国对马六甲海峡的依赖。
第二个斯里兰卡汉班托特港，此港口位于南亚最南端，是中东，欧非至东亚的海航必经之地，也是马六甲海峡船只必经之地，中国负责承建该港，根据此港的规模和年吞吐量增幅来看，此港有可能成为新的世界十大港口之一。中国租赁期限99年。
第三个斯里兰卡科伦坡港口城，是世界上最大的人工港口之一，也是欧亚、太平洋、印度洋地区 世界航海线的重要中途港口之一。位于斯里兰卡首都，准备用填海建造出一个新的迷你港口城市，建成后这里将最少可容纳16万以上的人口，2019年1月科伦坡港口城269公顷吹填土地已全部完成。我国拥有租期99年。
第四个巴基斯坦瓜德尔港，位于巴基斯坦俾路支省西南部瓜德尔城南部，为深水港。瓜德尔港由中国援建运营并正式开航后，我国能源运输航线可不再绕行马六甲海峡，可以直接用管道和铁路进入中国，使得中国原油运输路线相比之前缩短了85%，使我国能源新大动脉成功摆脱他人控制，更是中国腾飞的黄金钥匙。
第五个东非吉布提港，此港位于东非吉布提东部，是东非最大的现代化港口之一，也是打击索马里海盗的重要战略港口，2013年我国收购了该港约五分之一的股份，是中国护航队的重要补给港口。是连接欧亚非三大洲之间重要的海上战略通道。
第六个埃及苏伊士港，此港位于埃及东部，是尼罗河和红海之间非常重要的航运点，中埃在此成立境外贸易合作区，到2012年年产值就达到了约5500多万美元，两年后又继续扩增港口面积，在苏伊士运河开通后发展为重要港口，港口转运业务十分繁忙。
第七个希腊比雷埃夫斯港，此港是希腊重要港口，也曾是欧洲十大码头之一，2008年中国用43亿欧元天价取得了该港的经营权，中国不仅对港口进行全面升级改造又在此基础上增设新码头，港口经济发展迅速。希腊比雷埃夫斯港已成为我国海运贸易进入欧洲的第一站，然后转运到地中海和西欧各国港口。
第八个巴布亚新几内亚莱城港，莱城港位于该国东南岸，位于巴布亚新几内亚第二大城市莱城，2012年中国中标莱城港潮汐码头工程。投资2.85亿美元,新增1座240乘40米综合码头，道路、堆场及港口附属设施等。该项目为我国进一步开拓南太平洋地区打下良好基础。
第九个澳大利亚达尔文港，达尔文港位于澳大利亚北部，是距离亚洲和中国最近的澳大利亚港口，2015年我国山东岚桥集团以人民币25.46亿元租赁该港口99年，该港口将为我国海运通往澳大利亚、印度洋、南太平洋提供有力中转保障。
第十个巴西巴拉那瓜港，位于巴西东南沿海的巴拉那州，是巴西第二大集装箱码头。经济作用涵盖巴西东南部全国45%的人口和47.6%的GDP产出地。是巴西南部唯一有铁路直接连通的码头，我国以72.28亿港元入股港口90%股权，特许经营期限将于2048年结束。
我国承建投资租赁的海外港口还有很多，将来必定会发挥出更大的作用，大家对我国海外港口建设布局有什么看法呢。"
62,https://3w.huanqiu.com/a/c36dc8/9CaKrnKo2Gj?agt=20,,,,
63,https://m.thepaper.cn/newsDetail_forward_6884629,,,,
64,http://toutiao.com/group/6675877440377586187/,五大港口排名，上海竟然不是第一！,章鱼杂谈,2019-04-04 11:34:01,"中国经济快速发展，带来了货物贸易的繁荣，自然港口也是其中重要的基础设施，和章鱼一起来看看世界前五大港口吧！
第一名，宁波港是世界第五个港口，吞吐量中国第一，位于浙江东部，长江三角翼南部，北邻杭州湾，也是中国祖国渔都之称。
第二名，上海港，处于中国大陆海岸线中点位置。背靠经济最为发达城市，自然货运量远远领先
天津港，我国北方最大的港口，主航道水深已超过21米。
第四名，广州港，华南最大的港口，历史悠久，在明清时，这里是中国唯一的对外贸易大港。
第五名，青岛港，位于山东半岛的胶州湾内，是我国著名的优良港口。
欢迎您关注我的头条号，我们一起看地图，观世界！"
65,http://toutiao.com/group/6818537621015233036/,全球十大港口，美国一个都没有，中国有七个。,少年科学社,2020-04-22 22:14:25,"港口历来在经济发展中扮演着重要的角色，港口是世界运输的重要环节，港口是经济的晴雨表，世界上有很多超级大港口，我们今天就来盘点一下吧。
第十名：迪拜港
位于中东地区的迪拜港，是很多人都很向往的地方，迪拜是中东地区的金融和贸易中心，迪拜港也是全球最繁忙的港口之一，迪拜除了石油很丰富之外，其他的物资也很依赖进口，因此迪拜除了石油不进口，其他的什么都进口，每年进口货物中的一半，是直接留在拥有1,400万人口的迪拜市及其周边地区。有一半的船是空着回去的。

第九名：天津港
天津港被誉为海上门户，天津港是华北，东北，西北地区重要的出海口和进出口贸易基地，是我国连接海内外、辐射三北的主要海上交通枢纽，天津港地处环渤海及京津冀经济圈，腹地深厚，以首都为核心的世界级城市群，市场广阔。京津冀位于东北亚中国地区环渤海心脏地带，是中国北方经济规模最大、最具活力的地区，2019年，天津港集装箱吞吐量达到1730万标准箱，居世界第九

第八名：香港港
香港港有十几个港区，其中其中维多利亚港区最大，条件最好，其平均超过10米深的港内航道，使大型远洋货轮可随时进入码头和装卸区，为世界各地船舶提供了方便而又安全的停泊地，但是近些年香港港的地位正因为成本过高而逐渐失去竞争力。2019年，香港以集装箱吞吐量1836万位居世界第八

维多利亚港
第七名:山东青岛港
作为山东省经济实力最强的城市，其港口建设也在全省独占鳌头，2019年青岛港进入了两千万标准箱俱乐部，排名全世界第七，青岛港虽然位于北方，但是其冬天不结冰，而且不淤积，是北方少有的天然良港。

海滨城市青岛，以啤酒而闻名
第六名:韩国釜山港
釜山港是韩国最大的港口，釜山是全国最大的工业城市，釜山港位于朝鲜海峡，与日本隔海相望，处于东北亚的中国和日本两大经济体之间，近几年受世界经济停滞，中美贸易摩擦等不利因素，仍能连续两年保持6%的年均增长。历史上一直是东亚大陆和海洋文化交流的纽带和桥梁。2019年集装箱总吞吐量达2195.5万，居世界第六。

第五：广州港
广州港地处珠江入海口和珠江三角洲地区中心地带，濒临南海，毗邻香港和澳门，东江、西江、北江在此汇流入海，广州港内港区太古仓老码头陆域面积5万多平方米，连同水域面积超过7万平方米，广州港作为中国华南地区最大的综合性枢纽港，为广州和腹地经济的发展做出了重要的贡献，在广州城市发展历程中具有举足轻重的地位，是广州参与国际竞争和发展外向经济的重要战略资源，广州港的快速发展有力地推动了广州的经济繁荣，广州港处于中国南大门，处于几乎贯通泛珠江经济区域的珠江的入海口，是泛珠江三角洲经济区域的出口通道和中国最重要的对外贸易口岸之一，点辐射和线辐射能力强，广州港2019年集装箱吞吐总量超过2300万标准集装箱，居世界第五。


第四名：深圳港
深圳是中国最早进行改革的经济特区，自经济特区成立以来，深圳港就承担了深圳市绝大部分的能源，粮食，建材等重点物资调运任务。现在，依靠深圳港，它成为了中国经济最发达的地区，其中，华为，腾讯，中兴，比亚迪，百度等众多高科技公司都在深圳。深圳港拥有蛇口，赤湾，妈湾，东角头，盐田，福永机场，沙鱼涌，内河8个港区，其位于香港北部，珠江口以东，港口的直接腹地为深圳市，惠州市，东莞市，和珠江三角洲的部分地区。2019年，深圳市以2577万的集装箱吞吐量居世界第四。


第三名：宁波舟山港
浙江沿海不同于上海江苏沿海，海岸线是侵蚀形成的，地基是坚硬的岩石，岛屿众多，非常适合建造大型深水良港，著名的洋山港就键在浙江的小洋山岛，除此之外浙江还有中国第二大港，世界第三大港：宁波港，在2019年，宁波港的集装箱吞吐量达到了2753万个，宁波历史上就是我国重要的贸易口岸，素有“无宁不成市之说”，宁波港逐渐成为华东地区重要的对外贸易口岸和制造业基地，对长三角以及华东地区的发展起到了积极的推动作用。
宁波码头

宁波港卫星图片
第二名：新加坡港
新加坡港位于全球最繁忙的海峡，马六甲海峡上，马六甲海峡上的油轮量是苏伊士运河的3倍，是巴拿马运河的5倍，马六甲海峡是日本，韩国，中国等国家的主要能源运输通道，是海上生命线，得益于极好的地理位置，新加坡港发展成为了全球第二大港，新家坡港是全国政治，经济，文化及交通的中心，新加坡的自然资源，粮食和蔬菜等十分缺乏，一半的蔬菜要依赖进口，因此新加坡的发展十分依赖改港，该港口的高科技发展十分迅速。新加坡港自然条件优越，是天然的优良深水港。2019年，新加坡港集装箱吞吐量达到3720万标准集装箱，居世界第二。

新加坡的地理位置十分特殊
新加坡的港口卫星图
繁华的新加坡，港口功不可没
第一名：洋山港
上海港在2019年以4430.3万标准集装箱的吞吐量，连续十年保持全球第一，其中洋山港占了一半，洋山港作为上海国际航运中心的重要组成部分，其地理位置和水文条件都十分优良，洋山港采用高度智能化的作业方式，其生产控制的智能化程度十分高，整个港口的生产控制，只需要九个人，效率比普通港口高出了30%。
洋山港
洋山港卫星图
洋山港是中国人的骄傲。同时中国港口如同中国高铁一样，也是中国向世界展示的一张名片。
本文章部分图片来源于头条，不得私自转载。"
66,http://www.xinhuanet.com/video/sjxw/2018-12/14/c_1210015577.htm,,,,
67,http://toutiao.com/group/6853964235198693895/,2019年港口运行现状分析，港口信息化将成为未来发展方向「图」,华经情报网,2020-07-27 09:21:44,"一、港口行业发展历程分析
中国是个幅员辽阔,水系发达(内河通航总里程约12万多公里),拥有6000多个岛屿,18000多公里大陆海岸线和14000多公里岛屿岸线资源的国家。自从我国政府实行改革开放政策以来,中国的经济快速增长,与此同时港口建设也迅速发展。
自新中国成立以来，中国沿海港口的发展大体可划分为恢复发展建设期、快速发展建设期、高速高等级发展建设期、平稳发展建设期4个阶段。
港口行业发展历程分析

资料来源：华经产业研究院整理
二、港口运输发展现状分析
2019年受全球贸易环境恶化等影响，全球制造业和投资活动大幅放缓，世界经济增速放缓，主要经济体减速幅度超预期。但是港口行业依然稳健发展，交通运输部数据显示，2019年全国港口完成货物吞吐量139.51亿吨，比上年增长5.7%。其中，沿海港口完成91.88亿吨，增长4.3%；内河港口完成47.63亿吨，增长9.0%。
资料来源：交通运输部，华经产业研究院整理
集装箱运输方面，2019年全国港口完成集装箱吞吐量2.61亿TEU，比上年增长4.4%。其中，沿海港口完成2.31亿TEU，增长3.9%；内河港口完成3015万TEU，增长8.5%。全国港口完成集装箱铁水联运量516万TEU，增长14.2%，占全国港口集装箱吞吐量1.97%。
资料来源：交通运输部，华经产业研究院整理
旅客运输方面，2019年全国港口完成旅客吞吐量0.87亿人，其中，沿海港口完成0.82亿人，下降6.5%；内河港口完成0.05亿人，下降10.7%。全年我国邮轮旅客运输量221.4万人，下降11.7%。
资料来源：交通运输部，华经产业研究院整理
相关报告：华经产业研究院发布的《2020-2025年中国港口行业市场调研分析及投资战略咨询报告》
三、港口码头数据及结构
港口码头建设作为水运陆运的连接点，作为水陆交通运输的枢纽，对水陆交通运输有着重要的作用。随着我国对外贸易的持续发展,对海运运输需求的日益增加,加速了港口码头的建设。数据显示2019年末全国港口拥有生产用码头泊位22893个，比上年减少1026个。
资料来源：交通运输部，华经产业研究院整理
2019年末全国港口拥有万吨级及以上泊位2520个，比上年增加76个。其中，沿海港口万吨级及以上泊位2076个，增加69个；内河港口万吨级及以上泊位444个，增加7个。
资料来源：交通运输部，华经产业研究院整理
四、港口行业发展前景分析
近年来,我国经济发展一直保持7%左右的高速增长,经济的发展必将带来交通运输量和港口吞吐量的增长。尽管我国的港口建设和水上运输发展很快,但目前港口发展仍然存在一些问题：
我国港口发展存在的问题分析

资料来源：华经产业研究院整理
港口的建设对整个城市乃至整个国家的发展都有着重要的影响。随着外部环境的变化,多式联运与综合物流的出现,未来港口将呈如下发展趋势：泊位、航道深水化和码头外移;码头专业化和装卸设备大型化;港口信息网络化;港口功能多元化并向物流配送中心发展。
中国港口要成为未来的国际航运中心,国际枢纽港,现代化港口,首先应该成为信息中心、信息港。因此信息技术的应用应当是中国今后港口建设和营运管理新技术推广应用的重点。此外,为了适应现代化港口建设的需要,外海筑港、深水筑港、新材料、新结构、先进施工技术以及满足港口建筑物50年、70年甚至更长耐久性的研究开发应用不容忽视。"
68,http://toutiao.com/group/6854030952524415499/,六大港口，镇守资源要道，打破封锁、依赖，保障中国海路安全平坦,海华带路出海平台,2020-07-27 13:40:38,"2013年我国提出了“丝绸之路经济带”和“21世纪海上丝绸之路”简称“一带一路”，
我国在“21世纪海上丝绸之路”已有有六大港口的战略布局，
并且是直接参与港口运营管理，
它们分别是：希腊的比雷埃夫斯港、吉布提的吉布提港、巴基斯坦的瓜达尔港、斯里兰卡的科伦坡港、汉班托塔港、缅甸的皎漂港。

比雷埃夫斯港，位于希腊首都雅典西南，
是六大港口中唯一的欧洲港口。
2001年，辽宁舰回国时遭到土耳其的刁难，
但希腊却给予极大的帮助，
辽宁舰被允许停靠这里进行补给，
与之相对的2008年希腊爆发债务危机，
我国也是果断出手援助，
投资建设比雷埃夫斯港口，
中远集团获得了比雷埃夫斯港二号、三号集装箱码头35年特许经营权，
2016年中远集团以3.685亿欧元的价格，
收购比雷埃夫斯港口67%的股份，
中远集团被允许将管理经营比雷埃夫斯港延长至2052年，
如今，比雷埃夫斯港已经成为我国贸易进入欧洲的第一站，
陆上，以比雷埃夫斯港为起点，经过巴尔干、贝尔格莱德、维也纳、布拉格、柏林、巴黎等沿线城市，
海上，商品经比雷埃夫斯港中转到地中海和热那亚、马赛、巴塞罗那、里斯本、伦敦、阿姆斯特丹各国港口。

吉布提港，位于吉布提共和国东南是六大港中唯一的非洲港口，
2013年中国招商局以1.85亿美元的价格，
收购吉布提港口23.5%的股份，
除此之外，吉布提港还拥有我国首个海外军事基地-吉布提保障基地，
2017年，中国驻吉布提基地正式投入使用，
吉布提位于红海和亚丁湾交界处，扼守红海、印度洋航线咽喉要道，
是连接欧、亚、非三大洲之间重要的海上战略通道，
从地中海经苏伊士运河、红海、亚丁湾抵达中东/南亚，行程超过7000公里，
吉布提港特殊的位置，使其成为来往军舰和商船必不可少的停靠点和补给站。

瓜达尔港位于巴基斯坦西南，是六大港口中距离波斯湾最近的港口，
2002年，我国为瓜达尔港一期建设工程提供资金和技术援助，
2007年，瓜达尔港一期建成后，巴基斯坦却没有将运营管理交给我国，
反而让最大的竞争对手新加坡港务局负责运营，租赁期长达40年，
瓜达尔港被荒废8年之后，2015年我国正式接手瓜达尔港，租期为43年，
瓜达尔港距离我国石油生命线-霍尔木兹海峡只有约400公里，位置极其重要，
再借助”中巴经济走廊”可以极大限度的摆脱对印度洋-马六甲航线的依赖,

科伦坡港，位于斯里兰卡首都科伦坡西面，是六大港口中距印度最近的港口,
2011年中国招商局与斯里兰卡政府签订协议,
获得科伦坡国际集装箱码头公司55%的股份，并主导运营及管理35年,
印度洋-马六甲海峡航线全程超过6000公里,
科伦坡港刚好处在中间节点位置,
大部分军规和商船的都会选择在这里停靠补给。

汉班托塔港，位于斯里兰卡南部，
是世界第一大海湾-孟加拉湾的门户，
2007年，在我国的援助下，斯里兰卡在汉班托特开始建设大型港口，
2012年，汉班托塔深水港开始运转，
2017年，中国招商局11.2亿美元的价格，购得汉班托塔港口70%的股权，
并将租用该港口以及周边1.5万英亩土地建设工业园区，租期为99年，
两个港口虽然相距不远，但是分工明确，
科伦坡港主要面向马六甲航线，而汉班托塔港则主要面向孟加拉湾。

皎漂港，位于缅甸西南孟加拉湾沿岸，是六大港口中距我国最近的港口，
2015年中信联合体中标皎漂经济特区深水港和工业园区两个项目，
2018年中信联合体获得漂经济特区深水港项目70%的股份。
皎漂港对我国意义重大是摆脱能源对马六甲海峡过度依赖最重要的一步，
来自非洲和中东的石油、天然气，可通过皎漂港和中缅管道运输至国内，
成为重要的资源通道。

六个港口每个港口均有各自的定位只有六大港口紧密配合，
才能保障我国远洋的利益，
再配合陆上“丝绸之路经济带”，
必将实现中国民族的伟大复兴。
中国和平崛起已成为必然，
任何力量都无法阻挡中国和平发展全球化的脚步。
我们海华带路通（海华带路通）认为，现如今出海形势愈来愈好！
种一棵树最好的时间是十年前，其次是现在！
还在单独出海？海华带路通带您抱团出海！
对跨国合作项目的深度剖析，
量身定制模块化的出海协作方案，
并且具有相当丰富的海外从业经验的靠谱平台，
海华带路通帮助企业去规避海外风险。"
69,http://jiangxi.jxnews.com.cn/system/2020/08/28/019021042.shtml,,,,
70,http://www.bjnews.com.cn/news/2019/11/13/649140.html,,,,
71,https://m.jiemian.com/article/3435603_toutiao.html,,,,
72,http://toutiao.com/group/6767150670828012036/,外贸必备！整理汇总全球616个常用港口中英文对照表！值得收藏,货运全球网官方账号,2019-12-06 10:44:51,"***请点击上方红色的“关注”我们，您的关注，是我们努力的动力！谢谢！***
日常中，许多外贸的朋友对全世界有哪些港口了解比较少？知道国家名字又想不起港口名字或港口英文。为此，货运全球网小编大家整理了世界港口大全，世界港口代码对照表查询世界各地的港口。
共收录616个世界著名港口
顺序内容根据英文字母A-Z排列
A
1 Aalborg 奥尔堡 丹麦 西北欧
2 Aalesund 奥勒松 挪威 北欧
3 Aarhus 奥尔胡斯 丹麦 西北欧
4 Abadan 阿巴丹 伊朗 波斯湾
5 Aberdeen 阿伯丁郡 英国 欧洲
6 Abidjan 阿比让 科特迪瓦 西非
7 Abu Dhabi 阿布扎比 阿联酋 波斯湾
8 Acajutla 阿卡胡特拉 萨尔瓦多 中南美
9 Acapulco 阿卡普尔科 墨西哥 中南美
10 Accra 阿克拉 加纳 西非
11 Adelaide 阿德莱德 南澳洲 澳新
12 Aden 亚丁 也门 红海
13 Agadir 阿加迪尔 摩洛哥 地中海
14 Agana 阿加尼亚 关岛 西太平洋
15 Alexandria 亚历山大 埃及 地中海
16 Algeciras 阿尔赫西拉斯 西班牙 地中海
17 Algiers 阿尔及尔 阿尔及利亚 地中海
18 Amsterdam 阿姆斯特丹 荷兰
19 Ancona 安科纳 意大利 地中海
20 Annaba 安纳巴 阿尔及利亚 地中海
21 Antofagasta 安托法加斯塔 智利 中南美
22 Antwerp 安特卫普 比利时 西北欧
23 Apapa 阿帕帕 尼日利亚 西非
24 Apia 阿皮亚 西萨磨亚群岛 澳新
25 Aqaba 亚喀巴 约旦 红海
26 Arica 阿里卡 智利 中南美
27 Arkhangelsk 阿尔汉格尔斯克 俄罗斯
28 Aseb 阿萨布 埃塞俄比亚 非洲
29 Ashdod 阿什杜德 以色列 地中海
30 Assab 阿萨布 埃塞俄比亚 红海
31 Athens 雅典 希腊 地中海
32 Atlanta 亚特兰大 美国
33 Auckland 奥克兰 新西兰 澳新
34 Avonmouth 阿芬默斯 英国 西北欧
B
35 Bahia Blanca 布兰卡港 阿根廷 中南美
36 Bahrain 巴林 巴林 波斯湾
37 Balboa 巴尔博亚 巴拿马
中南美38 Baltimore 巴尔的摩 美国 美东
39 Banana 巴纳纳 扎伊尔 西非
40 Bandar Abbas 阿巴斯港 伊朗 波斯湾
41 Bandar Khomeini 霍梅尼港 伊朗 波斯湾
42 Bandar Seri Begawan 斯里巴加湾市 文莱
43 Bangkok 曼谷 泰国 暹罗湾
44 Banjarmaisn 马辰 印尼 东南亚
45 Banjul(banthurst) 班珠尔 冈比亚 西非
46 Bar 巴尔 南斯拉夫
47 Barcelona 巴塞罗那 西班牙 地中海
48 Barranquilla 巴兰基利亚 哥伦比亚 中南美
49 Basra 巴士拉 伊拉克 波斯湾
50 Bassein 勃生 缅甸 孟加拉湾
51 Bata 巴塔 赤道几内亚 西非
52 Beira 贝拉 莫桑比克 东非
53 Beirut 贝鲁特 黎巴嫩 地中海
54 Belawan 乌拉湾 印尼 东南亚
55 Belem 贝伦 巴西 南美
56 Belfast 贝尔法斯特 英国 西北欧
57 Belize 伯利兹 伯利兹 中南美
58 Belmopan 贝尔莫潘 伯利兹 中南美
59 Benghazi 班加西 利比亚 地中海
60 Berbera 伯贝拉 索马里 东非
61 Bergen 卑尔根 挪威 西北欧
62 Berne 伯尔尼 瑞士
63 Bilbao 毕尔巴鄂 西班牙? 西北欧
64 Birkenhead 伯肯黑德 英国 西北欧
65 Bissau 比绍 及内比亚绍 西非
66 Bizerta 比塞大 突尼斯 地中海
67 Boma 博马 扎伊尔 西非
68 Bombay 孟买 印度 波斯湾
69 Bordeaux 波尔多 法国 西北欧
70 Boston 波士顿 美国 北美
71 Boston 波士顿 英国 西北欧
72 Bourgas 布尔加斯 保加利亚 地中海
73 Bremen 不莱梅 德国 西北欧
74 Bremenhaven 不来梅哈芬 德国 西北欧
75 Brest 布雷斯特 法国 西北欧
76 Bridgetown 布里奇顿 巴巴多斯 中南美
77 Brindisi 布林迪西 意大利 地中海
78 Brisbane 布里斯班 德国 西北欧
79 Bristol 布里斯托尔 英国 西北欧
80 Buenaventura 布埃纳文图拉 哥伦比亚 南美
81 Buenos Aires 布宜诺斯艾利斯 阿根廷 南美
82 Burnie 伯尼 澳大利亚 澳大利亚
83 Busan 釜山 南韩 南韩
84 Bushire 布什尔 伊朗 中东
85 Butterworth 巴特沃斯 马来西亚 东南亚
C
86 Cabinda 卡宾达 安哥拉 西非
87 Cadiz 加的斯 西班牙 西北欧
88 Cagliari 卡利亚里 意大利
89 Calcutta 加尔各答 印度 印度次大陆
90 Callao 卡亚俄 秘鲁 南美
91 Cam Pha 锦普 越南 东南亚
92 Cambridge 坎布里奇 美国 美东
93 Cape Town 开普顿 南非 西非
94 Caracas 加拉加斯 委内瑞拉 中南美
95 Cardiff 加的夫 英国 西北欧
96 Cartagena 卡塔赫纳 西班牙
97 Cartagena 卡塔赫纳 哥伦比亚 中南美
98 Casablanca 卡萨布兰卡 摩洛哥 西非
99 Cayenne 卡宴 圭亚那 中南美
100 Cebu 宿务 菲律宾 东南亚
101 Charleston 查尔斯顿 美国北美
102 Charlotte 夏洛特 美国 北美
103 Charlotte Aamalie 夏洛特阿马利亚 维尔京群岛（美属） 中美
104 Chennai 印度 印度次大陆
105 Cheribon 井里文 印尼 东南亚
106 Chiba 千叶 日本 亚洲
107 Chicago 芝加哥 美国 北美
108 Chimbote 钦博特 秘鲁 南美
109 Chittagong 吉大港 孟加拉 印度次大陆
110 Chongjin(Seishin) 清律 朝鲜 亚洲
111 Christchurch 克赖斯特彻奇 新西兰 澳新线
112 Christiansted 克里斯琴斯特德 维尔京群岛（美属） 中美
113 Churchill 彻奇尔 加拿大北美
114 Cienfuegos 西恩付戈斯 古巴 中南美
115 Cleveland 克利夫兰 美国北美
116 Coatzacoalcos 夸察夸尔科斯 墨西哥 北美
117 Cochin 科钦 印度 印度次大陆
118 Colombo 科伦坡 斯里兰卡 印度次大陆
119 Colon 科隆 巴拿马 中南美
120 Columbus 哥伦布 美国 北美
121 Conakry 科纳克里 几内亚 非洲
122 Constanza 康斯坦察 罗马尼亚 地中海
123 Copenhagen 哥本哈根 丹麦 西北欧
124 Corinto 科林托 尼加拉瓜 中南美
125 Cork 科克 爱尔兰 西北欧
126 Cotonou 科托努 贝宁 非洲
127 Cristobal 克里斯托巴尔 巴拿马 中南美
128 Crotone 克努托内 意大利
129 Cruz Grande 克鲁斯格兰德 智利 中南美
130 Cumana 库马纳 委内瑞拉 南美
D
131 Dacca 达卡 孟加拉 印度次大陆
132 Dakar 达喀尔 塞内加尔 非洲
133 Dalian 大连 中国 亚洲
134 Dallas 达拉斯 美国 北美
135 Damietta 达米埃塔 埃及 地中海
136 Dammam 达曼 沙特阿拉伯 地中海
137 Danang 岘港 越南 东南亚
138 Dar El-Beida 达尔贝达 摩洛哥 非洲
139 Dar Es Salaam 达累斯萨拉姆 坦桑尼亚 非洲
140 Darwin 达尔文 澳大利亚 澳新线
141 Detroit 底特律 美国 北美
142 Djakarta(Jakarta) 雅加达 印尼 东南亚
143 Djibouti 吉布提 吉布提 红海
144 Doha 多哈 卡塔尔 地中海
145 Douala 杜阿拉 喀麦隆 非洲
146 Dover 多佛尔 英国 西北欧
147 Dubai 迪拜 阿拉伯酋长联合国 地中海
148 Dublin 都柏林 爱尔兰 西北欧
149 Dunedin 达尼丁 新西兰 澳新线
150 Dunkirk 敦刻尔克 法国 西北欧
151 Durban 德班 南非 非洲
152 Durres 都拉斯 阿尔巴尼亚 欧洲
153 Dusseldorf 杜赛尔多夫 德国 西北欧
154 DutchHarbour 荷兰港 美国 北美
E
155 East Canada 加拿大 北美
156 East London 东伦敦 南非 非洲
157 Ensenada 恩塞纳达 墨西哥 中南美
F
158 Felixstowe 费力克斯托 英国 欧洲
159 Fort de France 法兰西堡 马提尼克岛 中南美
160 Fos 福斯 法国 欧洲
161 Frankfurt 法兰克福 德国 西北欧
162 Fredericia 腓特烈西亚 丹麦 北欧
163 Fredrikstad 腓特烈斯塔 挪威 北欧
164 Freeport 弗里波特 巴哈马 中南美
165 Freetown 弗里敦 塞拉利昂 西非
166 Fremantle 佛里曼特尔 西澳洲 澳新线
167 Fukuoka 福冈 日本 亚洲
168 Fukuyama 福山 日本 亚洲
169 Funafuti 富纳富提 图瓦卢 澳新线
170 Funchal 丰沙尔 马德拉群岛 西非
171 Fuzhou 福州 中国 亚洲
G
172 Gdansk 格但斯克 波兰 西北欧
173 Gdynia 格丁尼亚 波兰 西北欧
174 Geelong 吉朗 澳大利亚 澳新线
175 Gela 杰拉 意大利 地中海
176 Gemlik 盖姆利克 土耳其 中东
177 Genoa(Genova) 热那亚 意大利 地中海
178 Georgetown 乔治敦 圭亚那 中南美
179 Georgetown 乔治敦 马来西亚 东南亚
180 Georgetown 乔治敦 美国 北美1
81 Georgetown 乔治敦 圣文森特和格林纳丁斯 中南美
182 Georgetown 乔治敦 加拿大 北美
183 Ghent 根特 比利时 西北欧
184 Gibraltar 直布罗陀 直布罗陀 西北欧
185 Gijon 希洪 西班牙
186 Gioia Tauro 焦亚陶罗 意大利 地中海
187 Glasgow 格拉斯哥 英国 西北欧
188 Godthab 戈特霍布 格陵兰 北美
189 Gothenburg 哥德堡 瑞典 西北欧
190 Grangemouth 格兰杰默斯 英国 西北欧
191 Guadalajara 瓜达拉哈拉 墨西哥 中南美
192 Guam 关岛 马利亚纳群岛 澳新线
193 Guangzhou 广州 中国 亚洲
194 Guayaquil 瓜亚基尔 厄瓜多尔 南美
195 Guaymas 瓜伊马斯 墨西哥 北美
196 Gwadur 瓜达尔 巴基斯坦 印度次大陆
H
197 Hai Kou 海口 中国 亚洲
198 Haifa 海法 以色列 中东
199 Haiphong 海防 越南 东南亚
200 Hakata 伯方 日本 亚洲
201 Hakodate 涵馆 日本 亚洲
202 Halifax 哈立法克斯 美国 北美
203 Halmstad 哈尔姆斯塔德 瑞典 西北欧
204 Halmstad 哈尔姆斯塔德 瑞典 北欧
205 Hamburg 汉堡 德国 西北欧
206 Hamilton 哈密尔顿 加拿大 北美
207 Hamilton 哈密尔顿 百慕大群岛 中南美
208 Hanoi 河内 越南 东南亚
209 Haugesund 豪格松 挪威 西北欧
210 Havana 哈瓦那 古巴 中南美
211 Helsinborg 赫尔辛堡 瑞典 西北欧
212 Helsingo 赫尔辛格 丹麦 西北欧
213 Helsinki 赫尔辛基 芬兰 西北欧
214 Hiroshima 广岛 日本 亚洲
215 Ho Chi Ming City 胡志明市 越南 东南亚
216 Hobart 霍巴特 澳大利亚 澳新线
217 Hodeidah 荷台达 也门 中东
218 Honalulu 檀香山 美国 北美
219 Hong Kong 香港 中国 亚洲
220 Hongay 鸿基 越南 东南亚
221 Honiara 霍尼亚拉 所罗门群岛 澳新线
222 Horta 澳尔塔 亚速尔群岛（葡属） 西非
223 Houston 休斯敦 美国
北美224 Huangpu 黄埔 中国 亚洲
225 Hudaydak Al 荷台达 也门 西亚
226 Hull 赫尔 英国 西北欧
227 Hungnam 兴南 朝鲜 东亚
I
228 Ilo 伊洛 秘鲁 南美
229 Immingham 伊明赫姆船坞 英国 西北欧
230 Inchon 仁川 南韩 亚洲
231 Iquique 伊基克 智利 南美
232 Iskenderun 伊斯肯德伦 土耳其 地中海
233 Istanbul 伊斯坦布尔 土耳其 中东
234 Izmir 伊兹密尔 土耳其 中东
J
235 Jacksonvile 捷克逊维尔 美国 北美
236 Jakarta 雅加达 印尼 东南亚
237 Jebel Ali 杰贝阿里 阿联酋 中东
238 Jeddah 吉达 沙特阿拉伯 中东
239 Jogjakarta 日惹 印尼 东南亚
240 Johannesburg 约翰内斯堡 南非 南非
241 Johore Bahru 柔佛巴鲁 马来西亚 东南亚
K
242 Kagoshima 鹿儿岛 日本 亚洲
243 Kakinada 卡基纳达 印度 印度次大陆
244 Kaliningrad 加里宁格勒 俄罗斯 西北欧
245 Kampong saon 磅逊 柬埔寨 东南亚
246 Kanazawa 金泽 日本 亚洲
247 Kandla 坎德拉 印度 印度次大陆
248 Kansas City 堪萨斯城 美国 北美
249 Kaoshiung 高雄 台湾 亚洲
250 Karachi 卡拉奇 巴基斯坦 印度次大陆
251 Katakia 拉塔基亚 叙利亚 西亚
252 Kavieng 卡维恩 巴布亚新几内亚 澳新
253 Kawasaki 川崎 日本 亚洲线
254 Keelung 基隆 台湾 亚洲
255 Kholmsk 霍尔姆斯克 俄罗斯 西北欧
256 Khor Fakkan 豪尔费坎 阿联酋 地中海
257 Khorramshahr 霍拉姆沙赫尔 伊朗 波斯湾
258 Kiel 基尔 德国 北欧
259 Kiev 基辅 俄罗斯 欧洲
260 Kingston 金斯顿 牙买加 中南美
261 Kismayu 基斯马尤 索马里 东非
262 Kobe 神户 日本 亚洲
263 Kompong Som 磅逊 柬埔寨 亚洲
264 Koper 科佩尔 斯洛文尼亚 地中海
265 Kota Kinabalu 亚庇（哥打基） 马来西亚 东南亚
266 Kotka 科特卡 芬兰 西北欧
267 Kuala Lumpur 吉隆坡 马来西亚 东南亚
268 Kuantan 关丹 马来西亚 东南亚
269 Kuching 古晋 马来西亚 东南亚
270 Kudat 库达特 马来西亚 东南亚
271 Kukura 小仓 日本 亚洲
272 Kure 吴港 日本 亚洲
273 Kuwait 科威特 科威特 波斯湾
274 Kwangyang 光阳 南韩 亚洲
L
275 La Conuna 拉科鲁尼亚 西班牙
276 La Guaira 拉瓜伊拉 委内瑞拉 中南美
277 La Paz 拉巴斯 墨西哥 中南美
278 La Plata 拉普拉塔 阿根廷 中南美
279 La Rouchelle 拉罗歇尔 法国
280 La Spezia 拉斯佩齐亚 意大利 欧洲
281 Labuan 拉布安（纳闽） 马来西亚 东南亚
282 Lae 莱城 巴布亚新几内亚 澳新线
283 Laem Chabang 林查班 泰国 东南亚
284 Lagos 拉各斯 尼日利亚 非洲
285 Lancaster 兰凯斯特 英国 欧洲
286 Las Palmas 拉斯帕尔马斯 加纳利群岛 西非
287 Lattajua 拉塔基亚 叙利亚 地中海
288 Launceston 朗塞斯顿 澳大利亚 澳新线
289 Lautoka 劳托卡 斐济群岛 澳新线
290 Lazaro Cardenas 拉萨罗－卡德纳斯 墨西哥 中美
291 Le havre 勒哈弗尔 法国 欧洲
292 Leghorn(Livormo) 来航 意大利 欧洲
293 Leningrad 圣彼得堡 俄罗斯 欧洲
294 Lianyungang 连云港 中国 亚洲
295 Libreville 利伯维尔 加蓬 非洲
296 Limassol 利马索尔 塞浦路斯 地中海
297 Limon 利蒙 哥斯达黎加
298 Lindi 林迪 坦桑尼亚 东非
299 Lisbon 里斯本 葡萄牙 西北欧
300 Liverpool 利物浦 英国 西北欧
301 Lome 洛美 多哥 非洲
302 London 伦敦 英国 西北欧
303 Londonderry 伦敦德里 英国 西北欧
304 Long Beach 长滩 美国 北美
305 Los Angeles 洛杉矶 美国 北美
306 Lourenco-Marques 洛伦索－马贵斯（马普托） 莫桑比克 东非
307 Luanda 罗安达 安哥拉 非洲
308 Lubeck 卢贝克 德国 西北欧
309 Lyttelton 利特尔顿 新西兰 澳新线
M
310 Macao 澳门 中国 亚洲
311 Madang 马丹 巴布亚新几内亚 澳新线
312 Madras 马德拉斯 印度 印度次大陆
313 Madrid 马德里 西班牙 地中海
314 Mahe 马希 印度 印度次大陆
315 Majunga 马任加 马达加斯加 东非
316 Makasar 望加锡 印尼 东南亚
317 Malabo(SantaIsabel) 马拉博 赤道几内亚 西非
318 Malacca 马六甲 马来西亚 东南亚
319 Malaga 马拉加 西班牙
320 Male 马累 马尔代夫 波斯湾
321 Malindi 马林迪 肯尼亚 东非
322 Malmo 马尔默 瑞典 西北欧
323 Malta 马耳他 马耳他 地中海
324 Manama,Al 麦纳麦 巴林
325 Manaus 马瑙斯 巴西 南美
326 Manchester 曼彻斯特 英国 西北欧
327 Manila 马尼拉 菲律宾 东南亚
328 Manta 曼塔 厄瓜多尔 南美
329 Manzanillo 曼萨尼约 墨西哥 中美
330 Manzanillo(P) 曼萨尼约角 巴拿马 中美
331 Maputo 马普托 莫桑比克
332 Mar del Plata 马德普拉塔 阿根廷 中南美
333 Maracaibo 马拉开波 委内瑞拉 中南美
334 Marseilles 马赛 法国 欧洲3
35 Massawa 马萨瓦 埃塞俄比亚 红海
336 Matadi 马塔迪 扎伊尔 非洲
337 Matanzas 马但萨斯 古巴
338 Mazatlan 马萨特兰 墨西哥
339 Melbourne 墨尔本 澳大利亚 澳新线
340 Memphis 孟菲斯 美国 北美
341 Menado 万鸦老 印尼 东南亚
342 Mersin 梅尔辛 土耳其 地中海
343 Messina 墨西拿 意大利 地中海
344 Mexico City 墨西哥城 墨西哥 中美
345 Miami 迈阿密 美国 北美
346 Middlesbrough 米德尔斯伯勒 英国 欧洲
347 Midland 米德兰 加拿大 北美
348 Milford 米尔福德港 英国
349 Mindelo 明德卢 佛得角 西非
350 Miri 米里 马来西亚 东南亚
351 Mobile 莫比尔 美国 北美
352 Mogadiscio 摩加迪沙 索马里 东非
353 Moji 门司 日本 亚洲
354 Mokha 穆哈 也门 红海
355 Mokpo 木浦 朝鲜
356 Molalla,Al 穆卡拉 也门
357 Momasa 蒙巴萨 肯尼亚 非洲
358 Monrovia 蒙罗维尔 利比里亚 非洲
359 Monterrey 蒙特雷 墨西哥 中美
360 Montevideo 蒙得维的亚 乌拉圭 南美
361 Montreal 蒙特利尔 美国 北美
362 Moscow 莫斯科 俄罗斯 欧洲
363 Mostaganem 穆斯塔加奈 阿尔及利亚 非洲
364 Moulmein 毛淡棉 缅甸 东南亚
365 Mozambique 莫桑比克 莫桑比克 东非
366 Mukalla 木卡拉 也门 红海
367 Mumbai 孟买 印度 印度次大陆
368 Murmansk 摩尔曼斯克 俄罗斯 西北欧
369 Muscat 马斯喀特 阿曼 地中海
370 Mutsamudu 木察木杜 科摩罗 东非
N
371 Nagasaki 长崎 日本 东亚
372 Nagoya 名古屋 日本 东亚
373 Naha 那坝 日本 东亚
374 Nakhodka 纳霍德卡 俄罗斯 欧洲
375 Nampo 南浦 朝鲜 亚洲
376 Nanjing 南京 中国 东亚
377 Nantes 南特 法国 欧洲
378 Nantong 南通 中国 东亚
379 Naoetsu 直江津 日本 东亚
380 Napier 内皮尔 新西兰 澳新线
381 Naples 那不勒斯 意大利 欧洲
382 Nassau 拿骚 巴哈马联邦 中南美
383 Nauru 瑙鲁 瑙鲁 澳新线
384 Nelson 内尔逊 新西兰 澳新线
385 New Amsterdam 新阿姆斯特丹 圭亚那 中南美
386 New Heaven 纽黑文 美国
387 New Orleans 新奥尔良 美国 北美
388 New Plymouth 新普利默斯 新西兰 澳新线
389 Newark 纽瓦克 美国 北美
390 Newcastle 纽卡斯尔 英国 西北欧
391 Newport 纽波特 英国 西北欧
392 NewYork 纽约 美国 北美
393 Nhava Sheva 印度 印度次大陆
394 Nicosia 新泻 日本 东亚
395 Nicosia 尼科西亚 塞浦路斯
396 Niigata 新鸿 日本 东亚
397 Ningbo 宁波 中国 东亚
398 Norfolk 诺福克 美国 北美
399 Noro 诺劳 所罗门群岛 澳新线
400 Nouakchott 努瓦克肖特 毛利塔尼亚 非洲
401 Noumea 努美阿 新喀里多尼亚 澳新线
402 Novorossiysk 诺沃西比尔斯克（新西伯利亚） 俄罗斯
403 Nukualofa 努库阿洛法 汤加 澳新线
O
404 Oakland 奥克兰 美国 北美
405 Odessa 敖德萨 俄罗斯
406 Oran 奥兰 阿尔及利亚 非洲
407 Oranjestad 奥腊涅斯塔德 安的列斯 中南美
408 Osaka 大阪 日本 东亚
409 Oslo 奥斯陆 挪威 西北欧
410 Otaru 小樽 日本 东亚
411 Oulu 奥卢 芬兰
412 Owendo 奥文多 加蓬 西非
P
413 Padang 巴东 印尼 东南亚
414 Pago Pago 帕果帕果 萨磨亚群岛 澳新线
415 Paita 派塔 秘鲁 中南美
416 Palembang 巨港 印尼 东南亚
417 Panama Canal 巴拿马运河 巴拿马 中南美
418 Panama City 巴拿马城 巴拿马 中南美
419 Papette 帕皮提 塔希提岛 澳新线
420 Paramaribo 帕拉马里博 苏里南 中南美
421 Paranagua 巴拉那瓜 巴西 中南美
422 Penang 槟城 马来西亚 东南亚
423 Perth 珀斯 澳大利亚 澳新线
424 Perth 珀斯 英国 北欧线
425 Philadeiphia 费城 美国 北美
426 Phnom Penh 金边 柬埔寨 东南亚
427 Phoenix 费尼克斯 美国 北美
428 Piraeus 比雷艾夫斯 希腊 地中海
429 Plaia 普拉亚 佛得角
430 Ploce 普洛切 南斯拉夫
431 Plymouth 普列茅斯 蒙特塞拉特岛 中南美
432 Pointe des Galets 加莱角 留尼汪岛 东非
433 Pointe Noire 黑角 刚果 非洲
434 Pointe-aPitre 皮特尔角 瓜德罗普岛 中南美
435 Ponce 蓬塞 波多黎各 中南美
436 Pondicherry 本地治里 印度 印度次大陆
437 Pontianak 坤甸 印尼 东南亚
438 Port Adelaide 阿德雷德港 澳大利亚 澳新线
439 Port Castries 卡斯特里港 圣卢西亚 中南美
440 Port Chalmers 查墨斯港 新西兰 澳新线
441 Port Elizabeth 伊丽莎白港 南非 非洲
442 Port Harcourt 哈科特港 尼日利亚 非洲
443 Port Kembla 肯布兰 澳大利亚 澳新线
444 Port Klang 巴生港 马来西亚 东南亚
445 Port Limon 利蒙港 哥斯达黎加 中南美
446 Port Louis 路易港 毛里求斯岛 非洲
447 Port Moresby 莫尔兹比港 巴布亚新几内亚 澳新线
448 Port of Spain 西班牙港 特立尼达和多巴哥 中南美
449 Port Rashid 拉希德港 阿拉伯酋长联合国 地中海
450 Port Said 塞德港 埃及 地中海
451 Port Stanley 斯坦利港 福克兰群岛 中南美
452 Port Sudan 苏丹港 苏丹 地中海
453 Port Suez 苏伊士港 埃及 地中海
454 Port Sultan Qaboos 米纳卡布斯 安曼 地中海
455 Port Victoria 维多利亚港 塞舌尔 东非
456 Port Vila 维拉港 瓦努阿图 澳新线
457 Port-Au-Prince 太子港 海底 中南美
458 Portland 波特兰 美国 北美
459 Porto Novo 波多诺伏 贝宁 西非
460 Portsmouth 朴次茅斯 英国 西北欧
461 Priolo 辟利洛 意大利 地中海
462 Puerto Cabello 卡贝略港 委内瑞拉 中南美
463 Puerto Caldera 卡尔德拉港 哥斯达黎加 中南美
464 Puerto Quetzal 圣胡赛 危地马拉 中南美
465 Punta Arenas 彭塔阿雷纳斯 智利 中南美
466 Puntarenas 彭塔雷纳斯 哥斯达黎加 中南美
Q
467 Qingdao 青岛 中国 东亚
468 Quebec 魁北克 加拿大 北美
R
469 Rabat 拉巴特 摩洛哥 西非
470 Rabaul 腊包尔港 巴布亚新几内亚 澳新线
471 Rangoon 仰光 缅甸 东南亚
472 Ravenna 拉佛纳 意大利 欧洲
473 Recife 累西腓 巴西 南美
474 Reunion 雷鸟尼翁 留尼汪岛 非洲
475 Reykjavik 雷克雅未克 冰岛 西北欧
476 Riga 里加 拉脱维亚
477 Rijeka 里耶卡 南斯拉夫 地中海
478 Rio De Janeiro 里约热内卢 巴西 南美
479 Rio Grande 里奥格兰德 巴西 南美
480 Rostock 罗斯托克 德国 西北欧
481 Rotterdam 鹿特丹 荷兰 欧洲
S
482 Sabang 沙璜 印尼 东南亚
483 Saigon 胡志明市 越南 东南亚
484 Sakaiminato 境港 日本 东亚
485 Sakata 酒田 日本 东亚
486 Salalah 塞拉莱 阿曼 地中海
487 Salvador 萨尔瓦多 巴西 南美
488 San Antonio 圣安东尼奥 智利 南美
489 San Diego 圣迭戈 美姑 北美
490 San Fernando 圣费尔南多 特立尼达和多巴哥 中南美
491 San Francisco 三藩市 美国 北美
492 San Jose 圣胡赛 危地马拉 中美
493 San Juan 圣胡安 波多黎各 中美
494 San Juan del Sur 南圣胡安 尼加拉瓜 中南美
495 San Lorenzo 圣洛伦索 洪都拉斯 中美
496 San Tome 圣多美 圣多美和普林西比 西非
497 San Tome 圣多美 巴西 南美
498 Sandakan 山打根 马来西亚 东南亚
499 Sandwich 桑德威奇 英国 欧洲
500 Santa Cruz 圣克鲁斯 加那利群岛 西非
501 Santa Cruz del Sur 南圣克鲁斯 古巴 中南美
502 Santiago 圣地亚哥 佛得角 西非
503 Santiago 圣地亚哥 古巴 中南美
504 Santo 圣吐 瓦努阿图 澳新线
505 Santo Domingo 圣多明各 多明及加共和国 中美
506 Santos 桑托斯 巴西 南美
507 Savannah 萨凡纳 美国 北美
508 Savona 萨沃纳 意大利 欧洲
509 Seattle 西雅图 美国 北美
510 Semarang 三宝垄 印尼 东南亚
511 Shanghai 上海 中国 东亚
512 Sharjah 沙迦 阿拉伯酋长联合国 地中海
513 Shekou 蛇口 中国 东亚
514 Shimizu 清水 日本 东亚
515 Shuidong 水东 中国 东亚
516 Sibu 诗巫 马来西亚 东南亚
517 Sihanoukville 西哈努克城 柬埔寨 东南亚
518 Singapore 新加坡 新加坡 东南亚
519 Skikda 斯克基达 阿尔及利亚 非洲
520 Sofiya 索非亚 保加利亚 地中海
521 Songkhla 宋卡 马来西亚 东南亚
522 Southampton 南安普敦 英国 欧洲
523 Split 斯普利特 南斯拉夫 地中海
524 Sri Racha 泰国 东南亚
525 St. Thomas 圣托马斯 维尔京群岛 中南美
526 St.Denis 圣但尼 留尼汪岛 东非
527 St.George‘s 圣乔治 格林纳达 中南美
528 St.Georges 圣乔治 百慕大群岛
中南美529 St.John 圣约翰 加拿大 北美
530 St.John's 圣约翰斯 安提瓜和巴布达 中南美
531 St.Lawrence 圣劳伦斯 加拿大 北美
532 ST.Louis 圣路易斯 美国 北美
533 St.Petersburg 圣彼得堡 俄罗斯
534 Stavanger 斯塔万格 挪威 西北欧
535 Stockholm 斯德哥尔摩 瑞典 西北欧
536 Suez 苏伊士 埃及 红海
537 Sur 苏尔 黎巴嫩 地中海
538 Surabaya 泗水 印尼 东南亚
539 Suva 萨瓦 斐济群岛 澳新线
540 Swansea 斯旺西 英国 西北欧
541 Sydney 悉尼 澳大利亚 澳新线
542 Szczecin 什切青 波兰 西北欧
T
543 Tabaco 塔巴科 菲律宾 东南亚
544 Tacoma 塔科马 美国 北美
545 Tai Chung 台中 中国 东亚
546 Taibei 台北 中国 东亚
547 Takoradi 塔利拉迪 加纳 非洲
548 Tallin 塔林 爱沙尼亚
549 Tamatave 塔马塔夫 马达加斯加 非洲
550 Tampa 坦帕 美国
551 Tampico 坦皮科 墨西哥 中美
552 Tandjungpriok 丹绒不碌 印尼 东南亚
553 Tanga 坦加 坦桑尼亚 非洲
554 Tangier 丹吉尔 摩洛哥 地中海
555 Taranto 塔兰托 意大利
556 Tarawa 塔拉瓦 基里巴斯 澳新线
557 Tatus 塔尔图斯 叙利亚
558 Tauranga 陶朗阿 新西兰 澳新线
559 Tawau 斗湖 马来西亚 东南亚
560 Tel Aviv 特拉维夫 以色列 地中海
561 Tema 特马 加纳 非洲
562 Thamesport 泰晤士港 英国 欧洲
563 Thessalonikli 塞萨洛尼基 希腊 地中海
564 Tianjin 天津 中国 东亚
565 Tijuana 蒂华纳 墨西哥 中美
566 Timaru 蒂马鲁 新西兰 澳新线
567 Tjirebon 井里汶 印尼 东南亚
568 Toamasina 图阿以西纳 马达加斯加
569 Tokuyama 德山 日本 东亚
570 Tokyo 东京 日本 东亚
571 Toleary 图莱亚尔 马达加斯加
572 Tomakomai 占小牧 日本 东亚
573 Toronto 多伦多 美国 北美
574 Toulor 土伦 法国 地中海
575 Toyama 富山 日本 东亚
576 Trazon 特拉布宗 土耳其 地中海
577 Trieste 德里亚斯特 意大利 欧洲
578 Trincomalee 亭可马里 斯里兰卡
579 Tripoli 的黎波里 利比亚 非洲
580 Trujillo 特鲁希略 洪都拉斯 中美
581 Tsuruga 敦贺 日本 东亚
582 Tumaco 图马科 哥伦比亚 中南美
583 Tunis 突尼斯 突尼斯 非洲
584 Turku 图尔库 芬兰 西北欧
585 Tuticorin 杜蒂戈林 印度 印度次大陆
U
586 Ulsan 蔚山 南韩 亚洲
587 Umm Said 乌姆赛义德 卡塔尔 波斯湾
588 Ushuais 乌斯怀亚 阿根廷 南美
V
589 Vaasa 瓦萨 芬兰
590 Valenxia 瓦伦西亚 西班牙 地中海
591 Valletta 瓦莱塔 马耳他
592 Valona 法罗拉 阿尔巴尼亚
593 Valparaiso 瓦尔帕莱索 智利 南美
594 Vancouver 温哥华 美国 北美
595 Varna 瓦尔纳 保加利亚 地中海
596 Vasa 瓦沙 芬兰 西北欧
597 Venice 威尼斯 意大利
欧洲598 Veracruz 韦腊克鲁斯 墨西哥
599 Victoria 维多利亚 塞舌尔，加拿大
600 Vila 维拉港 瓦努阿图 澳新线
601 Visby 维斯比 瑞典 西北欧
602 Vladivostok 符拉迪沃斯托克 俄罗斯
W
603 Walvis Bay 沃尔维斯湾 纳米比亚 西非
604 Wellington 惠灵顿 新西兰 澳新线
605 Wenzhou 温州 中国 东亚
606 Wewak 威瓦克 巴布亚新几内亚 澳新线
607 Willemstad 威廉斯塔德 安的列斯（荷属）
608 Wismar 维斯马 德国 西北欧
609 Wonsan 元山 朝鲜
X
610 Xiamen 厦门 中国
Y
611 Yalta 雅尔塔 俄罗斯 地中海
612 Yantai 烟台 中国 东亚
613 Yokohama 横滨 日本 东亚
Z
614 Zanzibar 桑给巴尔 坦桑尼亚
615 Zhanjiang 湛江 中国
616 Zhuhai 珠海 中国
<如果您觉得我们整理的文章对您有帮助，请点击上方红色“关注”我们，谢谢！>
<如果您有什么疑问，或希望我们发什么内容，请在下方留言。您的“关注”和留言是对我们最好的鼓励！谢谢！>"
73,http://ex.chinadaily.com.cn/exchange/partners/77/rss/channel/cn/columns/8hk2q2/stories/WS5f24021ca310a859d09db6e3.html,,,,
74,http://m.yicai.com/news/100608207.html,,,,
75,https://zj.zjol.com.cn/news.html?id=1204370,,,,
76,http://toutiao.com/group/6808738305157366286/,全球十大港口排行，中国占7席,徽燕南居,2020-03-27 12:22:02,"港口是具有水陆联运设备和条件，供船舶安全进出和停泊的运输枢纽。是水陆交通的集结点和枢纽，工农业产品和外贸进出口物资的集散地，船舶停泊、装卸货物、上下旅客、补充给养的场所。由于港口是联系内陆腹地和海洋运输(国际航空运输)的一个天然界面，因此，人们也把港口作为国际物流的一个特殊结点。
一、上海港
上海港位于长江三角洲前缘，居中国18000公里大陆海岸线的中部、扼长江入海口，地处长江东西运输通道与海上南北运输通道的交汇点，是中国沿海的主要枢纽港，中国对外开放，参与国际经济大循环的重要口岸。上海 市外贸物资中99%经由上海港进出，每年完成的外贸吞吐量占全国沿海主要港口的20%左右。
二、新加波港
新加坡港位于新加坡(全称：新加坡共和国TheRepublicofSingapore)的南部沿海，西临马六甲海峡(StraitsofMalacca)的东南侧，南临新加坡海峡的北侧，是亚太地区最大的转口港，也是世界最大的集装箱港口之 一。该港扼太平洋及印度洋之间的航运要道，战略地位十分重要。它自13世纪开始便是国际贸易港口，目前已发展成为国际著名的转口港。新加坡港也是该国的政治、经济、文化及交通的中心。
港口条件：
本港自然条件优越，水域宽敞，很少风暴影响，治区面积达538万平方米，水深适宜，吃水在13m左右的船舶可顺利进港靠泊，港口设备先进完善，并采用计算机化的情报系统，同时谋求用户手续的简化和方便。

三、深圳港
深圳港位于广东省珠江三角洲南部，珠江入海口伶仃洋东岸，毗邻香港。全市260公里的海岸线被九龙半岛分割为东西两大部分。西部港区位于珠江入海口伶仃洋东岸，水深港阔，天然屏障良好，南距香港20海里，北至广 州60海里，经珠江水系可与珠江三角洲水网地区各市、县相连，经香港暗士顿水道可达国内沿海及世界各地港口。东部港区位于大鹏湾内，湾内水深—12至—14米，海面开阔，风平浪静，是华南地区优良的天然港湾。
技术力量：
深圳港口率先引进外资参与港口的建设和经营，使港口企业呈现独资、合资、股份制等多种形式。目前深圳市大型港口企业如盐田国际、招商港务、赤湾港航、海星港口、蛇口集装箱、赤湾集装箱码头等均为中外合资企业。实践证明，中外 合资建设、经营码头，不仅能引进大量资金，而且能引进先进的管理技术、经验和人才，使企业按国际惯例运作，向国际化、规模化、现代化目标迈进，是促进深圳港口迅速发展的一个重要途径。
深圳港拥有国际先进水平的集装箱码头中央调度系统，包括无线数据终端、集装箱定位、远程登录查询等功能，为客户提供了自动化、专业化、智能化服务。

四、宁波港
宁波港的前身是宁波港务局。宁波港由北仑港区、镇海港区、宁波港区、大榭港区、穿山港区组成，是一个集内河港、河口港和海港于一体的多功能、综合性的现代化深水大港。
现有生产性泊位309座，其中万吨级以上深水泊位60座。最大的有25万吨级原油码头，20万吨级(9可兼靠30万吨船)的卸矿码头，第六代国际集装箱专用泊位以及5万吨级液体化工专用泊位;已与世界上100多个国家和地区的600多个港口通航。
2012年3月，国务院批复同意开放宁波港梅山港区。2013年，宁波舟山组合港全年货物吞吐量达到8.09亿吨，超越上海港，位居世界第一。2014年度宁波舟山港实现货物总吞吐量8.73亿吨，牢牢占据货物总吞吐量世界第一大港的宝座。
五、香港(中国)
维多利亚港简称维港，是位于中华人民共和国香港特别行政区的香港岛和九龙半岛之间的海港。世界三大天然良港之一。由于港阔水深，为天然良港，香港亦因而有“东方之珠”、及“世界三大夜景”之美誉。
维多利亚港的名字，来自英国的维多利亚女王。一年四季皆可自由进出。早年已被英国人看中有成为东亚地区优良港口的潜力，后来从清政府手上强占香港，发展其远东的海上贸易事业。维多利亚港一直影响香港的历史和文化，主导香港的经济和旅游业发展， 是香港成为国际化大都市的关键之一。
维多利亚港是位于香港的香港岛和九龙半岛之间的港口和海域。维多利亚港水面宽阔，景色迷人，海港的西北部有世界最大的集装箱运输中心之一的「葵涌货柜码头」。每天日出日落，繁忙的渡海小轮穿梭于南北两岸之间，渔船、邮轮、观光船、万吨巨轮和它 们鸣放的汽笛声，交织出一幅美妙的海上繁华景致。
维多利亚港的海岸线很长，南北两岸的景点多不胜数。香港岛一岸既有充满现代感的高楼大厦和已成地标的香港会展新翼，也曾有怀旧的天星小轮码头(已拆除);九龙则有香港艺术馆和香港太空馆。
维多利亚港日间 蓝天白云碧水，小船和万吨巨轮进出海港，互不干扰，到了夜晚便更加灯火璀璨，缔造“东方之珠”的壮丽夜景。香港有多种海上观光船，其中天星小轮最受欢迎。天星小轮主要往来中环、湾仔及尖沙咀等市区旅游点，曾被美国《国家地理杂志 》列为“人生50个必到的景点”之一。

六、釜山港(韩国)
釜山港位于韩国(全称：大韩民国REPUBLICOFKOREA)东南沿海，东南濒朝鲜(KOREA)海峡，西临洛东(NAKTONG)江，与日本对马(TSUSHIMA)岛相峙，是韩国最大的港口，也是世界第六大集装箱港。始建于1876 年，在20世纪初由于京釜铁路的通车而迅速发展起来。
它是韩国海陆空交通的枢纽，又是金融和商业中心，在韩国的对外贸易中发挥重要作用。工业仅次于汉城，有纺织、汽车轮胎、石油加工、机械、化工、食品、木材加工、水产品加工、造船和汽车等，其中机械工业尤为发达，而造船、轮胎生产居韩国首位，水 产品的出口在出口贸易中占有重要位置。港口距机场约28km。

七、广州港
广州港是中国第四大港口，吞吐量居世界第五位。广州从3世纪30年代起成为海上丝绸之路的主港，唐宋时期成为中国第一大港，是世界著名的东方大港。明清两代，广州成为中国唯一的对外贸易大港，是世界海上交通史 上唯一2000多年长盛不衰的大港，可以称为“历久不衰的海上丝绸之路东方发祥地”。
改革开放以来，社会经济飞速发展使广州港发展成为国家综合运输体系的重要枢纽和华南地区对外贸易的重要口岸。

八、青岛港
青岛港位于山东半岛南岸的胶州湾内，始建于1892年，具有124年历史，是我国重点国有企业，中国第二个外贸亿吨吞吐大港，是太平洋西海岸重要的国际贸易口岸和海上运输枢纽。港内水域宽深，四季通航，港湾口小腹 大，是我国著名的优良港口。
青岛港现有职工24000多人，拥有码头15座，泊位72个。世界上有多大的船舶，青岛港就有多大的码头，包括可停靠19100TEU船舶的世界最大的集装箱码头、40万吨级矿石码头、30万吨级原油码头。其中，可停靠5万吨级船舶的泊位有6个，可停靠10万吨级船舶的 泊位有6个，可停靠30万吨级船舶的泊位有2个。
九、迪拜港(DUBAI，阿联酋)
迪拜港位于阿联酋(全称：阿拉伯联合酋长国THEUNITEDARABEMIRATES)东北沿海，濒临波斯湾的南侧。又名拉希德港(MINARASHID)，并与1981年新建的米纳杰贝勒阿里港(MINAJEBELALI)同属迪拜港 务局管辖，是阿联酋最大的港口，也是集装箱大港之一。

十、天津港
天津港，也称天津新港(Xingang，China)，位于中华人民共和国天津市海河入海口，处于京津冀城市群和环渤海经济圈的交汇点上，是中国北方最大的综合性港口和重要的对外贸易口岸。天津港是在淤泥质浅滩上挖海建港、吹填造陆建成的世界航道等级最高的人工深水港。
目前，天津港主航道水深已达21米，可满足30万吨级原油船舶和国际上最先进的集装箱船进出港。2013年天津港货物吞吐量首次突破5亿吨，集装箱吞吐量突破1300万标准箱，成为中国北方第一个5亿吨港口。2014年1月1日，中国第一条人工开挖的复试航道在天 津港正式通航。2015年03月04日，天津将投160亿元建设天津港。"
77,http://toutiao.com/group/6610299640816337421/,全球十大港口七个在中国，但光有港口就有话语权？,搜航网,2018-10-09 18:18:40,"要看一个国家的进出口有多大分量，从统计学来说，可以从一个国家港口的吞吐量的总和建档答案。近期，联合国贸易和发展会议公布全球海上运输相关报告显示，2017年世界集装箱吞吐量排名前十的港口中，中国港口七大城市入选。在中国经济、贸易还是以三大经济圈的长三角、珠三角、环渤海港口城市进出品量最强。
世界集装箱吞吐量排名前十名港口分别是上海港(第1名)、深圳港(第3名)、宁波舟山港(第4名)、香港港(第5名)、广州港(第7名)、青岛港(第8名)和天津港(第10名)。
新加坡（第2）和釜山（第5）也排名靠前，亚洲独占前8席位，反映出在全球海运领域的“核心地位”。
港口吞吐量是指一段时期内经水运输出、输入港区并经过装卸作业的货物总量，是反映港口生产经营活动成果的重要数量指标。也是衡量国家、地区、城市建设和发展的量化参考依据。在中国的三大经济圈中，以金融业、高科技、制造、加工等为主的市场经济，在世界集装箱吞吐量也是最高的经济区域。
2017年来，全球海运贸易的货物总量较上年增长4%，达到约107亿吨。换算成20英尺标准箱后的全球集装箱吞吐量约为7.52亿箱，较上年增长6%。鉴于亚洲各国间贸易扩大及欧美需求旺盛，亚洲的吞吐量占到总体的64%，其后依次为欧洲16%、北美8%
从联合国得出的相关数据，2017年全球集装箱港口普遍迎来了大丰收，上海港完成的集装箱吞吐量突破4023万TEU，创下全球港口集装箱运输史上最高记录，已连续八年位居世界第一。新加坡约为3367万箱。全球超过1000万箱的港口有15个。
全球集装箱港口排名第3的深圳，2017年全年集装箱吞吐量为2520.86万标箱。2018年有上半年，深圳港累计完成货物吞吐量12081.88万吨，其中，外贸货物吞吐量为9080.90万吨，外贸和内贸集装箱吞吐量分别为1130.49万标箱和77.07万标箱，港口进口吞吐量为581.68万标箱，出口吞吐量为625.88万标箱。
釜山港集装箱吞吐量完成2140万万标箱，由于中转箱量的稳步提升，使得2017年釜山港集装箱吞吐量一举超过了香港港，成为全球第五大集装箱港口。相对而言，广州港增速最快，无异于一匹黑马，广州港近些年不断开辟集装箱外贸航线，成为广州集装箱吞吐量快速增长的主要原因。预计在2018年广州港极可能会一举超过釜山港和香港港，成为全球第五大集装箱港口。
2017年，宁波舟山港完成货物吞吐量10.1亿吨，成为全球首个货物吞吐量超10亿吨的大港，连续9年位居世界第一。完成集装箱吞吐量2460.7万标准箱，稳居全球第四。香港港口集装箱吞吐量在2017年中重返2000万标箱大关，报2075.5万箱，同比增长4.8%，为2011年以後首次录得年度升幅。香港货柜码头商会主席钟惠贤表示，期望今年继续有好表现。
青岛港港口吞吐量在2017年达到1831万标准箱。比2016年增加了29万标准箱，保持世界第8名，全国排名第5席位。2017年，青岛港物流的效益节节攀升，创出了历史新高。青岛的海运成绩有目共睹，城市枢纽地位如日中天。青岛港货物总量和集装箱双线乏力，尤其是集装箱业务几乎没有增长。唯一值得欣慰的是，还是北方第一。
厦门港集装箱吞吐量年集装箱吞吐量破1000万标准箱，排名超过高雄。宁波舟山港成为集装箱生产黑马，完成集装箱吞吐量2461万标准箱，同比增长14.1%，领跑全球前20大集装箱港口增长。
全球海运行业因整合速度加快、货船日益大型化等，竞争更趋激烈，港口或许也将被迫采取对策。2017年的日本港口未能跻身前20名，东京港吞吐量约为505万个标准箱，横滨约为293万箱，神户约为292万箱。"
78,https://ql1d.com/newsjin/show/source/rss/type/1/id/12362439.html,,,,
79,http://toutiao.com/group/6792806316529156623/,全球港口国内排名20强,A赢在当下,2020-02-13 13:57:46,"全球港口（我国）排名建议收藏：
第一位：上海港，全球排名：1；
第二位：舟山港，全球排名：3；
第三位：深圳港，全球排名：4；
第四位：广州港，全球排名：5；
第五位：香港港，全球排名：7；
第六位：青岛港，全球排名：8；
第七位：天津港，全球排名：9；
第八位：厦门港，全球排名：14；
第九位：高雄港，全球排名：15；
第十位：大连港，全球排名：16；
第十一位：营口港，全球排名：26；
第十二位：太仓港，全球排名：31；
第十三位：连云港港，全球排名：34；
第十四位：日照港，全球排名：41；
第十五位：东莞港，全球排名：46；
第十六位：福州港，全球排名：49；
第十七位：南京港，全球排名：53；
第十八位：烟台港，全球排名：60；
第十九位：唐山港，全球排名：61；
第二十位：泉州港，全球排名：77；"
80,https://m2.people.cn/r/MV8wXzE0MzUyMTkzXzQxMDhfMTU5Nzc5NzAxNg==?source=da,,,,
81,http://toutiao.com/group/6656275246368162318/,世界十大港口，其中七座都在我国,栀子随风城市百科,2019-02-10 15:47:29,"1、宁波舟山港
宁波港是中国货物吞吐量第一大港口，集装箱吞吐量则列全国第三大港口。全市总面积9365平方公里。位于浙东，长江三角洲南翼，北临杭州湾，西接绍兴，南靠台州，东北与舟山隔海相望。舟山，原名定海，素有“东海鱼仓”和“祖国渔都”之美称，是一个以群岛设市的地级行政区划，位于我国东南沿海，浙江省舟山群岛，拥有渔业、港口、旅游三大优势。舟山是中国最大的海水产品生产、加工、销售基地。
2、上海港
上海港位于长江三角洲前缘，居中国18000公里大陆海岸线的中部、扼长江入海口， 世界港口行业很著名，地处长江东西运输通道与海上南北运输通道的交汇点，是中国沿海的主要枢纽港，中国对外开放，参与国际经济大循环的重要口岸。上海市外贸物资中99%经由上海港进出，每年完成的外贸吞吐量占全国沿海主要港口的20%左右。
3、新加坡港
新加坡港位于新加坡（全称：新加坡共和国The Republic of Singapore）的南部沿海，西临马六甲海峡（Straits of Malacca）的东南侧，南临新加坡海峡的北侧，是亚太地区最大的转口港，世界沿海港口行业比较知名 ，也是世界最大的集装箱港口之一。该港扼太平洋及印度洋之间的航运要道，战略地位十分重要。它自13世纪开始便是国际贸易港口，目前已发展成为国际著名的转口港。新加坡港也是该国的政治、经济、文化及交通的中心。
4、天津港
天津港，也称天津新港(Xingang, China)，位于中华人民共和国天津市海河入海口，处于京津冀城市群和环渤海经济圈的交汇点上，是中国北方重要的综合性港口和对外贸易口岸。天津港是在淤泥质浅滩上挖海建港、吹填造陆建成的世界航道等级最高的人工深水港.目前，天津港主航道水深已达21米，可满足30万吨级原油船舶和国际上最先进的集装箱船进出港。2014年1月1日，中国第一条人工开挖的复试航道在天津港正式通航。
5、葵涌货柜码头
葵涌货柜码头位于香港葵青区醉酒湾，是香港最主要的货柜(集装箱)物流处理中心，是全世界第二大吞吐量的货柜港口。葵涌货柜码头占地庞大，由葵涌，青衣伸延至昂船洲一带，共有九个货柜码头，泊位共有24个，占地区279公顷，可停泊最大型的货柜船。码头全年总处理能力超过1800万个标准货柜单位，2004年，葵涌货柜码头处理的货物总量约为1342万5千个货柜单位。1992年至2004年，香港都是全球最繁忙的货柜港口。
6、釜山港
釜山港是韩国最大的港口，是韩国海陆空交通的枢纽，又是金融和商业中心，在韩国的对外贸易中发挥重要作用。韩国船主协会表示，2005年韩国釜山港集装箱的吞吐量为11840445TEU（20英尺标准箱），和04年的11491968TEU相比增3%。工业仅次于首尔，有纺织、汽车轮胎、石油加工、机械、化工、食品、木材加工、水产品加工、造船和汽车等，其中机械工业尤为发达，而造船、轮胎生产居韩国首位，水产品的出口在出口贸易中占有重要位置。港口距机场约28km。
7、广州港
广州港是华南最大综合性枢纽港。广州从3世纪30年代起成为海上丝绸之路的主港，唐宋时期成为中国第一大港，是世界著名的东方大港。明清两代，广州成为中国唯一的对外贸易大港，是世界海上交通史上唯一2000多年长盛不衰的大港，可以称为“历久不衰的海上丝绸之路东方发祥地”。
8、苏州港
苏州组合港地处长江入海口的咽喉地带，背靠经济发达的苏、锡、常地区，东南紧邻上海，由原国家一类开放口岸张家港港、常熟港和太仓港三港合一组建成的新兴港口，原三个港口相应成为苏州港张家港港区、常熟港区和太仓港区。江苏省最重要的集装箱干线港之一，是长江三角洲对外开放的重要依托，是长江中上游地区和西部大开发的重要平台，是江海河联运，内外贸货物运输、装卸与仓储、多功能综合性港口。
9、青岛港
青岛港位于山东半岛南岸的胶州湾内，始建于1892年，具有125年历史。是我国重点国有企业，中国第二个外贸亿吨吞吐大港。是太平洋西海岸重要的国际贸易口岸和海上运输枢纽。港内水域宽深，四季通航，港湾口小腹大，是我国著名的优良港口。青岛港由青岛老港区、黄岛油港区、前湾新港区和董家口港区等四大港区组成。各港码头均有铁路相连，环胶州湾高等级公路与济青高速公路相接，腹地除吸引山东外，还承担着华北对外运输任务。
10、迪拜港
迪拜港位于阿联酋东北沿海，濒临波斯湾的南侧。与1981年新建的米纳杰贝勒阿里港（MINA JEBEL ALI）同属迪拜港务局管辖，是阿联酋最大的港口，也是集装箱大港之一。迪拜港口在世界港口行业比较有闻名，该港地处亚欧非三大洲的交汇点，是中东地区最大的自由贸易港，尤以转口贸易发达而著称。它是海湾地区的修船中心，拥有名列前茅的百万吨级的干船坞。主要工业有造船、塑料、炼铝、海水淡化、轧钢及车辆装配等，还有年产50万吨的水泥厂。"
82,//news.cri.cn/toutiaopic/be144f96-5c22-3a4a-3703-e11fdde57b36.html,,,,
83,http://www.bjnews.com.cn/world/2020/09/20/770823.html,,,,
84,http://toutiao.com/group/6800970483031343628/,涨姿势！中国在全球打造的八大港口，你知道有哪些吗？带你了解,货运全球网官方账号,2020-03-06 13:58:55,"***请点击上方红色的“关注”我们，您的关注支持，是我们努力的动力！谢谢！***
中国目前正通过在斯里兰卡、缅甸、巴基斯坦等海洋沿岸国家建造一系列港口来为自己的国际实力打造基础设施。我们来看看其中较为重要的八个港口和其位置。
缅甸皎漂港
皎漂港在缅甸若开邦的兰里岛北端城镇皎漂经济特区，是兰里岛和大陆构成的一个南北向的狭长海港。在孟加拉湾东北部。皎漂港是中缅铁路的终点，中缅油气管道的石油线起点就位于皎漂地区的马德岛，天然气起点在马德岛的下方某地。皎漂港中的天然气管道和铁路，均为中国斥巨资打造。
缅甸皎漂港
汉班托塔港位于斯里兰卡首都科伦坡东南约240公里处，是一个有着悠久历史的港口城市。由中国港湾建设集团有限公司承建。汉班托特港地处南亚最南端，为中东、欧洲、非洲至东亚大陆的海运航线必经之地。全球50%以上的集装箱货运、三分之一散货海运及三分之二石油运输都要取道印度洋。几个重要交通咽喉，如霍尔木兹海峡和马六甲海峡，也都在印度洋上。
斯里兰卡汉班托特港
通过这里的油轮提供了中国进口石油的80%、印度进口石油的65%，日本几乎完全依赖通过印度洋的运输来保证能源供给。因此在印度洋获得实际影响力对中美日及其它很多国家都很重要。汉班托特对中国的意义在于它与印度南海岸接壤，能够成为中国在印度洋最重要的中转枢纽之一。
巴基斯坦瓜达尔港
瓜达尔港是巴基斯坦的重要港口，瓜达尔港在是中国在印度洋海外战略中占据着重要的地理位置。瓜达尔港位于巴基斯坦西南边陲，靠近伊朗边境，距离“全球石油生命线”霍尔木兹海峡400公里。在瓜达尔港航线开通前，中国航运船必须从新加坡、马来西亚和印度尼西亚三国共同管辖的马六甲海峡通往印度洋。而现在，瓜达尔港的开航直接解开了中国在太平洋西岸的贸易枷锁。港口运行后，中国将货物运到中东、非洲也将比原先节约一个多月的时间，并将给中国西部地区带来更多的贸易机遇。
埃及苏伊士港：伊士港位于埃及苏伊士省苏伊士湾北部海岸，苏伊士是埃及东部的一个港口城市，位于苏伊士运河南端出口，是尼罗河和红海之间航运的重要中转站。2008年中埃在此建立境外交易协作区后，到2012年年产值就达到了约5,500多万美元，2014年又继续扩增港口面积。
希腊比雷埃夫斯港
比雷埃夫斯港位于希腊东南部，为希腊最大港口，也是全球50大集装箱港及地中海东部地区最大的集装箱港口之一。2006年，比雷埃夫斯港排名欧洲十大集装箱码头之一。2008年中国用43亿欧元天价获得了该港的经营权，之后港口经济开展迅速，是被公认的在希腊最成功投资。
希腊比雷埃夫斯港
吉布提港是东非吉布提共和国自由港，埃塞俄比亚中转港。位于吉布提东南沿海塔朱拉湾的南岸入口处，濒临亚丁湾的西南侧，是吉布提的最大海港，也是东非最大的现代化港口之一。吉布提港地处欧、亚、非三大洲交通要冲，也是各国军舰打击索马里海盗和远洋航行时的重要补给港口。
巴布亚新几内亚莱城港
莱城是巴布亚新几内亚的第二大城市，莫雷贝省首府，人口约120,000。莱城位于新几内亚岛东部胡翁湾北岸近马卡姆河河口处，是巴布亚新几内亚的主要货物港口和工业城市。图为巴布亚新几内亚莱城港位置。
澳大利亚墨尔本港：墨尔本港位于澳大利亚东南部维多利亚州南部沿海的亚拉河口的墨尔本市，是澳大利亚最大的现代化港口，也是澳大利亚东南地区羊毛、肉类、水果及谷物的输出港，也是重要的国际贸易港口。中国主权财富基金中投公司将拥有墨尔本港五分之一的租赁权。
<如果您觉得我们整理的文章对您有帮助，请点击上方红色“关注”我们，谢谢！>
<如果您有什么疑问，或希望我们发什么内容，请在下方留言。您的“关注”和留言是对我们最好的鼓励！谢谢！>"
85,http://hb.dzwww.com/p/4063380.html,,,,
86,http://toutiao.com/group/6800611416127570446/,世界上616个著名港口中英文对照表,外贸事儿,2020-03-06 06:00:00,"1 Aalborg 奥尔堡 丹麦 西北欧
2 Aalesund 奥勒松 挪威 北欧
3 Aarhus 奥尔胡斯 丹麦 西北欧
4 Abadan 阿巴丹 伊朗 波斯湾
5 Aberdeen 阿伯丁郡 英国 欧洲
6 Abidjan 阿比让 科特迪瓦 西非
7 Abu Dhabi 阿布扎比 阿联酋 波斯湾
8 Acajutla 阿卡胡特拉 萨尔瓦多 中南美
9 Acapulco 阿卡普尔科 墨西哥 中南美
10 Accra 阿克拉 加纳 西非
11 Adelaide 阿德莱德 南澳洲 澳新
12 Aden 亚丁 也门 红海
13 Agadir 阿加迪尔 摩洛哥 地中海
14 Agana 阿加尼亚 关岛 西太平洋
15 Alexandria 亚历山大 埃及 地中海
16 Algeciras 阿尔赫西拉斯 西班牙 地中海
17 Algiers 阿尔及尔 阿尔及利亚 地中海
18 Amsterdam 阿姆斯特丹 荷兰
19 Ancona 安科纳 意大利 地中海
20 Annaba 安纳巴 阿尔及利亚 地中海
21 Antofagasta 安托法加斯塔 智利 中南美
22 Antwerp 安特卫普 比利时 西北欧
23 Apapa 阿帕帕 尼日利亚 西非
24 Apia 阿皮亚 西萨磨亚群岛 澳新
25 Aqaba 亚喀巴 约旦 红海
26 Arica 阿里卡 智利 中南美
27 Arkhangelsk 阿尔汉格尔斯克 俄罗斯
28 Aseb 阿萨布 埃塞俄比亚 非洲
29 Ashdod 阿什杜德 以色列 地中海
30 Assab 阿萨布 埃塞俄比亚 红海
31 Athens 雅典 希腊 地中海
32 Atlanta 亚特兰大 美国
33 Auckland 奥克兰 新西兰 澳新
34 Avonmouth 阿芬默斯 英国 西北欧
35 Bahia Blanca 布兰卡港 阿根廷 中南美
36 Bahrain 巴林 巴林 波斯湾
37 Balboa 巴尔博亚 巴拿马 中南美
38 Baltimore 巴尔的摩 美国 美东
39 Banana 巴纳纳 扎伊尔 西非
40 Bandar Abbas 阿巴斯港 伊朗 波斯湾
41 Bandar Khomeini 霍梅尼港 伊朗 波斯湾
42 Bandar Seri Begawan 斯里巴加湾市 文莱
43 Bangkok 曼谷 泰国 暹罗湾
44 Banjarmaisn 马辰 印尼 东南亚
45 Banjul(banthurst) 班珠尔 冈比亚 西非
46 Bar 巴尔 南斯拉夫
47 Barcelona 巴塞罗那 西班牙 地中海
48 Barranquilla 巴兰基利亚 哥伦比亚 中南美
49 Basra 巴士拉 伊拉克 波斯湾
50 Bassein 勃生 缅甸 孟加拉湾


51 Bata 巴塔 赤道几内亚 西非
52 Beira 贝拉 莫桑比克 东非
53 Beirut 贝鲁特 黎巴嫩 地中海
54 Belawan 乌拉湾 印尼 东南亚
55 Belem 贝伦 巴西 南美
56 Belfast 贝尔法斯特 英国 西北欧
57 Belize 伯利兹 伯利兹 中南美
58 Belmopan 贝尔莫潘 伯利兹 中南美
59 Benghazi 班加西 利比亚 地中海
60 Berbera 伯贝拉 索马里 东非
61 Bergen 卑尔根 挪威 西北欧
62 Berne 伯尔尼 瑞士
63 Bilbao 毕尔巴鄂 西班牙? 西北欧
64 Birkenhead 伯肯黑德 英国 西北欧
65 Bissau 比绍 及内比亚绍 西非
66 Bizerta 比塞大 突尼斯 地中海
67 Boma 博马 扎伊尔 西非
68 Bombay 孟买 印度 波斯湾
69 Bordeaux 波尔多 法国 西北欧
70 Boston 波士顿 美国 北美
71 Boston 波士顿 英国 西北欧
72 Bourgas 布尔加斯 保加利亚 地中海
73 Bremen 不莱梅 德国 西北欧
74 Bremenhaven 不来梅哈芬 德国 西北欧
75 Brest 布雷斯特 法国 西北欧
76 Bridgetown 布里奇顿 巴巴多斯 中南美
77 Brindisi 布林迪西 意大利 地中海
78 Brisbane 布里斯班 德国 西北欧
79 Bristol 布里斯托尔 英国 西北欧
80 Buenaventura 布埃纳文图拉 哥伦比亚 南美
81 Buenos Aires 布宜诺斯艾利斯 阿根廷 南美
82 Burnie 伯尼 澳大利亚 澳大利亚
83 Busan 釜山 南韩 南韩
84 Bushire 布什尔 伊朗 中东
85 Butterworth 巴特沃斯 马来西亚 东南亚
86 Cabinda 卡宾达 安哥拉 西非
87 Cadiz 加的斯 西班牙 西北欧
88 Cagliari 卡利亚里 意大利
89 Calcutta 加尔各答 印度 印度次大陆
90 Callao 卡亚俄 秘鲁 南美
91 Cam Pha 锦普 越南 东南亚
92 Cambridge 坎布里奇 美国 美东
93 Cape Town 开普顿 南非 西非
94 Caracas 加拉加斯 委内瑞拉 中南美
95 Cardiff 加的夫 英国 西北欧
96 Cartagena 卡塔赫纳 西班牙
97 Cartagena 卡塔赫纳 哥伦比亚 中南美
98 Casablanca 卡萨布兰卡 摩洛哥 西非
99 Cayenne 卡宴 圭亚那 中南美
100 Cebu 宿务 菲律宾 东南亚

101 Charleston 查尔斯顿 美国北美
102 Charlotte 夏洛特 美国 北美
103 Charlotte Aamalie 夏洛特阿马利亚 维尔京群岛（美属） 中美
104 Chennai 　 印度 印度次大陆
105 Cheribon 井里文 印尼 东南亚
106 Chiba 千叶 日本 亚洲
107 Chicago 芝加哥 美国 北美
108 Chimbote 钦博特 秘鲁 南美
109 Chittagong 吉大港 孟加拉 印度次大陆
110 Chongjin(Seishin) 清律 朝鲜 亚洲
111 Christchurch 克赖斯特彻奇 新西兰 澳新线
112 Christiansted 克里斯琴斯特德 维尔京群岛（美属） 中美
113 Churchill 彻奇尔 加拿大 北美
114 Cienfuegos 西恩付戈斯 古巴 中南美
115 Cleveland 克利夫兰 美国 北美
116 Coatzacoalcos 夸察夸尔科斯 墨西哥 北美
117 Cochin 科钦 印度 印度次大陆
118 Colombo 科伦坡 斯里兰卡 印度次大陆
119 Colon 科隆 巴拿马 中南美
120 Columbus 哥伦布 美国 北美
121 Conakry 科纳克里 几内亚 非洲
122 Constanza 康斯坦察 罗马尼亚 地中海
123 Copenhagen 哥本哈根 丹麦 西北欧
124 Corinto 科林托 尼加拉瓜 中南美
125 Cork 科克 爱尔兰 西北欧
126 Cotonou 科托努 贝宁 非洲
127 Cristobal 克里斯托巴尔 巴拿马 中南美
128 Crotone 克努托内 意大利
129 Cruz Grande 克鲁斯格兰德 智利 中南美
130 Cumana 库马纳 委内瑞拉 南美
131 Dacca 达卡 孟加拉 印度次大陆
132 Dakar 达喀尔 塞内加尔 非洲
133 Dalian 大连 中国 亚洲
134 Dallas 达拉斯 美国 北美
135 Damietta 达米埃塔 埃及 地中海
136 Dammam 达曼 沙特阿拉伯 地中海
137 Danang 岘港 越南 东南亚
138 Dar El-Beida 达尔贝达 摩洛哥 非洲
139 Dar Es Salaam 达累斯萨拉姆 坦桑尼亚 非洲
140 Darwin 达尔文 澳大利亚 澳新线
141 Detroit 底特律 美国 北美
142 Djakarta(Jakarta) 雅加达 印尼 东南亚
143 Djibouti 吉布提 吉布提 红海
144 Doha 多哈 卡塔尔 地中海
145 Douala 杜阿拉 喀麦隆 非洲
146 Dover 多佛尔 英国 西北欧
147 Dubai 迪拜 阿拉伯酋长联合国 地中海
148 Dublin 都柏林 爱尔兰 西北欧
149 Dunedin 达尼丁 新西兰 澳新线
150 Dunkirk 敦刻尔克 法国 西北欧


151 Durban 德班 南非 非洲
152 Durres 都拉斯 阿尔巴尼亚 欧洲
153 Dusseldorf 杜赛尔多夫 德国 西北欧
154 DutchHarbour 荷兰港 美国 北美
155 East Canada 　 加拿大 北美
156 East London 东伦敦 南非 非洲
157 Ensenada 恩塞纳达 墨西哥 中南美
158 Felixstowe 费力克斯托 英国 欧洲
159 Fort de France 法兰西堡 马提尼克岛 中南美
160 Fos 福斯 法国 欧洲
161 Frankfurt 法兰克福 德国 西北欧
162 Fredericia 腓特烈西亚 丹麦 北欧
163 Fredrikstad 腓特烈斯塔 挪威 北欧
164 Freeport 弗里波特 巴哈马 中南美
165 Freetown 弗里敦 塞拉利昂 西非
166 Fremantle 佛里曼特尔 西澳洲 澳新线
167 Fukuoka 福冈 日本 亚洲
168 Fukuyama 福山 日本 亚洲
169 Funafuti 富纳富提 图瓦卢 澳新线
170 Funchal 丰沙尔 马德拉群岛 西非
171 Fuzhou 福州 中国 亚洲
172 Gdansk 格但斯克 波兰 西北欧
173 Gdynia 格丁尼亚 波兰 西北欧
174 Geelong 吉朗 澳大利亚 澳新线
175 Gela 杰拉 意大利 地中海
176 Gemlik 盖姆利克 土耳其 中东
177 Genoa(Genova) 热那亚 意大利 地中海
178 Georgetown 乔治敦 圭亚那 中南美
179 Georgetown 乔治敦 马来西亚 东南亚
180 Georgetown 乔治敦 美国 北美
181 Georgetown 乔治敦 圣文森特和格林纳丁斯 中南美
182 Georgetown 乔治敦 加拿大 北美
183 Ghent 根特 比利时 西北欧
184 Gibraltar 直布罗陀 直布罗陀 西北欧
185 Gijon 希洪 西班牙
186 Gioia Tauro 焦亚陶罗 意大利 地中海
187 Glasgow 格拉斯哥 英国 西北欧
188 Godthab 戈特霍布 格陵兰 北美
189 Gothenburg 哥德堡 瑞典 西北欧
190 Grangemouth 格兰杰默斯 英国 西北欧
191 Guadalajara 瓜达拉哈拉 墨西哥 中南美
192 Guam 关岛 马利亚纳群岛 澳新线
193 Guangzhou 广州 中国 亚洲
194 Guayaquil 瓜亚基尔 厄瓜多尔 南美
195 Guaymas 瓜伊马斯 墨西哥 北美
196 Gwadur 瓜达尔 巴基斯坦 印度次大陆
197 Hai Kou 海口 中国 亚洲
198 Haifa 海法 以色列 中东
199 Haiphong 海防 越南 东南亚
200 Hakata 伯方 日本 亚洲

201 Hakodate 涵馆 日本 亚洲
202 Halifax 哈立法克斯 美国 北美
203 Halmstad 哈尔姆斯塔德 瑞典 西北欧
204 Halmstad 哈尔姆斯塔德 瑞典 北欧
205 Hamburg 汉堡 德国 西北欧
206 Hamilton 哈密尔顿 加拿大 北美
207 Hamilton 哈密尔顿 百慕大群岛 中南美
208 Hanoi 河内 越南 东南亚
209 Haugesund 豪格松 挪威 西北欧
210 Havana 哈瓦那 古巴 中南美
211 Helsinborg 赫尔辛堡 瑞典 西北欧
212 Helsingo 赫尔辛格 丹麦 西北欧
213 Helsinki 赫尔辛基 芬兰 西北欧
214 Hiroshima 广岛 日本 亚洲
215 Ho Chi Ming City 胡志明市 越南 东南亚
216 Hobart 霍巴特 澳大利亚 澳新线
217 Hodeidah 荷台达 也门 中东
218 Honalulu 檀香山 美国 北美
219 Hong Kong 香港 中国 亚洲
220 Hongay 鸿基 越南 东南亚
221 Honiara 霍尼亚拉 所罗门群岛 澳新线
222 Horta 澳尔塔 亚速尔群岛（葡属） 西非
223 Houston 休斯敦 美国 北美
224 Huangpu 黄埔 中国 亚洲
225 Hudaydak Al 荷台达 也门 西亚
226 Hull 赫尔 英国 西北欧
227 Hungnam 兴南 朝鲜 东亚
228 Ilo 伊洛 秘鲁 南美
229 Immingham 伊明赫姆船坞 英国 西北欧
230 Inchon 仁川 南韩 亚洲
231 Iquique 伊基克 智利 南美
232 Iskenderun 伊斯肯德伦 土耳其 地中海
233 Istanbul 伊斯坦布尔 土耳其 中东
234 Izmir 伊兹密尔 土耳其 中东
235 Jacksonvile 捷克逊维尔 美国 北美
236 Jakarta 雅加达 印尼 东南亚
237 Jebel Ali 杰贝阿里 阿联酋 中东
238 Jeddah 吉达 沙特阿拉伯 中东
239 Jogjakarta 日惹 印尼 东南亚
240 Johannesburg 约翰内斯堡 南非 南非
241 Johore Bahru 柔佛巴鲁 马来西亚 东南亚
242 Kagoshima 鹿儿岛 日本 亚洲
243 Kakinada 卡基纳达 印度 印度次大陆
244 Kaliningrad 加里宁格勒 俄罗斯 西北欧
245 Kampong saon 磅逊 柬埔寨 东南亚
246 Kanazawa 金泽 日本 亚洲
247 Kandla 坎德拉 印度 印度次大陆
248 Kansas City 堪萨斯城 美国 北美
249 Kaoshiung 高雄 台湾 亚洲
250 Karachi 卡拉奇 巴基斯坦 印度次大陆


251 Katakia 拉塔基亚 叙利亚 西亚
252 Kavieng 卡维恩 巴布亚新几内亚 澳新线
253 Kawasaki 川崎 日本 亚洲
254 Keelung 基隆 台湾 亚洲
255 Kholmsk 霍尔姆斯克 俄罗斯 西北欧
256 Khor Fakkan 豪尔费坎 阿联酋 地中海
257 Khorramshahr 霍拉姆沙赫尔 伊朗 波斯湾
258 Kiel 基尔 德国 北欧
259 Kiev 基辅 俄罗斯 欧洲
260 Kingston 金斯顿 牙买加 中南美
261 Kismayu 基斯马尤 索马里 东非
262 Kobe 神户 日本 亚洲
263 Kompong Som 磅逊 柬埔寨 亚洲
264 Koper 科佩尔 斯洛文尼亚 地中海
265 Kota Kinabalu 亚庇（哥打基） 马来西亚 东南亚
266 Kotka 科特卡 芬兰 西北欧
267 Kuala Lumpur 吉隆坡 马来西亚 东南亚
268 Kuantan 关丹 马来西亚 东南亚
269 Kuching 古晋 马来西亚 东南亚
270 Kudat 库达特 马来西亚 东南亚
271 Kukura 小仓 日本 亚洲
272 Kure 吴港 日本 亚洲
273 Kuwait 科威特 科威特 波斯湾
274 Kwangyang 光阳 南韩 亚洲
275 La Conuna 拉科鲁尼亚 西班牙
276 La Guaira 拉瓜伊拉 委内瑞拉 中南美
277 La Paz 拉巴斯 墨西哥 中南美
278 La Plata 拉普拉塔 阿根廷 中南美
279 La Rouchelle 拉罗歇尔 法国
280 La Spezia 拉斯佩齐亚 意大利 欧洲
281 Labuan 拉布安（纳闽） 马来西亚 东南亚
282 Lae 莱城 巴布亚新几内亚 澳新线
283 Laem Chabang 林查班 泰国 东南亚
284 Lagos 拉各斯 尼日利亚 非洲
285 Lancaster 兰凯斯特 英国 欧洲
286 Las Palmas 拉斯帕尔马斯 加纳利群岛 西非
287 Lattajua 拉塔基亚 叙利亚 地中海
288 Launceston 朗塞斯顿 澳大利亚 澳新线
289 Lautoka 劳托卡 斐济群岛 澳新线
290 Lazaro Cardenas 拉萨罗－卡德纳斯 墨西哥 中美
291 Le havre 勒哈弗尔 法国 欧洲
292 Leghorn(Livormo) 来航 意大利 欧洲
293 Leningrad 圣彼得堡 俄罗斯 欧洲
294 Lianyungang 连云港 中国 亚洲
295 Libreville 利伯维尔 加蓬 非洲
296 Limassol 利马索尔 塞浦路斯 地中海
297 Limon 利蒙 哥斯达黎加
298 Lindi 林迪 坦桑尼亚 东非
299 Lisbon 里斯本 葡萄牙 西北欧
300 Liverpool 利物浦 英国 西北欧

552 Tandjungpriok 丹绒不碌 印尼 东南亚

553 Tanga 坦加 坦桑尼亚 非洲
554 Tangier 丹吉尔 摩洛哥 地中海
555 Taranto 塔兰托 意大利
556 Tarawa 塔拉瓦 基里巴斯 澳新线
557 Tatus 塔尔图斯 叙利亚
558 Tauranga 陶朗阿 新西兰 澳新线
559 Tawau 斗湖 马来西亚 东南亚
560 Tel Aviv 特拉维夫 以色列 地中海
561 Tema 特马 加纳 非洲
562 Thamesport 泰晤士港 英国 欧洲
563 Thessalonikli 塞萨洛尼基 希腊 地中海
564 Tianjin 天津 中国 东亚
565 Tijuana 蒂华纳 墨西哥 中美
566 Timaru 蒂马鲁 新西兰 澳新线
567 Tjirebon 井里汶 印尼 东南亚
568 Toamasina 图阿以西纳 马达加斯加
569 Tokuyama 德山 日本 东亚
570 Tokyo 东京 日本 东亚
571 Toleary 图莱亚尔 马达加斯加
572 Tomakomai 占小牧 日本 东亚
573 Toronto 多伦多 美国 北美
574 Toulor 土伦 法国 地中海
575 Toyama 富山 日本 东亚
576 Trazon 特拉布宗 土耳其 地中海
577 Trieste 德里亚斯特 意大利 欧洲
578 Trincomalee 亭可马里 斯里兰卡
579 Tripoli 的黎波里 利比亚 非洲
580 Trujillo 特鲁希略 洪都拉斯 中美
581 Tsuruga 敦贺 日本 东亚
582 Tumaco 图马科 哥伦比亚 中南美
583 Tunis 突尼斯 突尼斯 非洲
584 Turku 图尔库 芬兰 西北欧
585 Tuticorin 杜蒂戈林 印度 印度次大陆
586 Ulsan 蔚山 南韩 亚洲
587 Umm Said 乌姆赛义德 卡塔尔 波斯湾
588 Ushuais 乌斯怀亚 阿根廷 南美
589 Vaasa 瓦萨 芬兰
590 Valenxia 瓦伦西亚 西班牙 地中海
591 Valletta 瓦莱塔 马耳他
592 Valona 法罗拉 阿尔巴尼亚
593 Valparaiso 瓦尔帕莱索 智利 南美
594 Vancouver 温哥华 美国 北美
595 Varna 瓦尔纳 保加利亚 地中海
596 Vasa 瓦沙 芬兰 西北欧
597 Venice 威尼斯 意大利 欧洲
598 Veracruz 韦腊克鲁斯 墨西哥
599 Victoria 维多利亚 塞舌尔，加拿大
600 Vila 维拉港 瓦努阿图 澳新线

601 Visby 维斯比 瑞典 西北欧
602 Vladivostok 符拉迪沃斯托克 俄罗斯
603 Walvis Bay 沃尔维斯湾 纳米比亚 西非
604 Wellington 惠灵顿 新西兰 澳新线
605 Wenzhou 温州 中国 东亚
606 Wewak 威瓦克 巴布亚新几内亚 澳新线
607 Willemstad 威廉斯塔德 安的列斯（荷属）
608 Wismar 维斯马 德国 西北欧
609 Wonsan 元山 朝鲜
610 Xiamen 厦门 中国
611 Yalta 雅尔塔 俄罗斯 地中海
612 Yantai 烟台 中国 东亚
613 Yokohama 横滨 日本 东亚
614 Zanzibar 桑给巴尔 坦桑尼亚
615 Zhanjiang 湛江 中国
616 Zhuhai 珠海 中国"
87,http://toutiao.com/group/6758614756510171662/,九部门发文“定目标”：到2050年全面建成世界一流港口,中新经纬,2019-11-13 10:37:04,"中新经纬客户端11月13日电 据交通运输部网站13日消息，近日，交通运输部联合国家发展改革委、财政部、自然资源部、生态环境部、应急部、海关总署、市场监管总局和国家铁路集团联合印发了《关于建设世界一流港口的指导意见》(以下简称《意见》)。意见提出，到2050年，全面建成世界一流港口，形成若干个世界级港口群，发展水平位居世界前列。
意见指出，目前，我国港口在总体规模、作业效率、科技创新等方面处于世界前列，但与经济社会发展要求和人民群众新期待相比，还存在区域港口发展不平衡、绿色发展水平不高、安全基础不牢等问题。与世界先进港口相比，我国港口在综合运输体系的枢纽功能有待强化，在专业物流、现代服务功能等方面存在差距；口岸物流通关便利化程度、口岸营商环境有待进一步改善；在多式联运，特别是集装箱铁水联运方面也有较大差距。为加快世界一流港口建设，交通运输部等部门联合制定了《意见》。
《意见》明确，到2025年，世界一流港口建设取得重要进展，主要港口绿色、智慧、安全发展实现重大突破，地区性重要港口和一般港口专业化、规模化水平明显提升。到2035年，全国港口发展水平整体跃升，主要港口总体达到世界一流水平，若干个枢纽港口建成世界一流港口，引领全球港口绿色发展、智慧发展。到2050年，全面建成世界一流港口，形成若干个世界级港口群，发展水平位居世界前列。
《意见》按照市场主导、政府引导，目标导向、改革创新，整体推进、重点突破，因港制宜、分类指导的原则，聚焦关键领域和薄弱环节，加快补齐短板，整治突出问题，着力提高发展质量，提出了六个方面的19项重点任务。
一是着力提升港口综合服务能力。针对港口枢纽功能有待强化的问题，《意见》提出了系统优化供给体系、提升港口综合服务功能、以多式联运为重点补齐短板等重点任务。到2025年，集装箱、干散货重要港区铁路进港率达到60%以上，矿石、煤炭等大宗货物主要由铁路或水路集疏运；到2035年，重要港区基本实现铁路进港全覆盖，港口集装箱铁水联运比例显著提升。
二是加快绿色港口建设。针对绿色发展水平不高、部分码头环保设施不完善等问题，《意见》提出了着力强化污染防治、构建清洁低碳的港口用能体系、加强资源节约循环利用和生态保护等重点任务。2025年初步形成设施齐备、制度健全、运行有效的港口和船舶污染防治体系，港口资源节约循环利用水平明显提升；2035年港口和船舶污染防治水平居于世界前列，主要港口绿色发展达到国际先进水平。
三是加快智慧港口建设。抢抓新一轮科技革命和产业变革的历史机遇，推动港口发展更加注重向创新驱动转变。《意见》提出了建设智能化港口系统、加快智慧物流建设等重点任务。到2025年，部分沿海集装箱枢纽港初步形成全面感知、泛在互联、港车协同的智能化系统。到2035年，集装箱枢纽港基本建成智能化系统。
四是加快推进开放融合发展。针对港口区域发展不平衡、口岸营商环境有待完善等不足，《意见》提出了积极推动港航协同发展、推动港产城深度融合发展、持续优化口岸营商环境、更好服务“一带一路”建设等重点任务。
五是加快平安港口建设。针对安全基础不牢、一线从业人员素质不高、重大风险防控有待加强等问题。《意见》提出了着力强化本质安全、着力推进双重预防机制建设、着力强化安全保障与应急能力等重点任务。到2025年，港口安全发展水平显著提升，到2035年，主要港口安全发展达到国际先进水平。
六是推进港口治理体系现代化。《意见》提出了深化重点领域改革、推动完善法规政策标准、建立健全市场监管体系、加强人才队伍建设等重点任务。以高质量发展为导向，建立港口发展指标体系，并从安全便捷、智慧绿色、经济高效、支撑有力、世界先进等五个方面设立了16项指标，发挥指挥棒作用，推动港口发展实现“三个转变”。
《意见》明确，要因港施策，根据自身特点和功能定位，对标国际同类先进港口。地区性重要港口和一般港口要科学定位、突出特色，防止贪大求全；加强政策支持，保障项目资金和合理用海、用地需求，增进部门沟通协调，形成推进一流港口建设的合力。(中新经纬APP)"
88,http://toutiao.com/group/6353145654230958337/,,,,
89,https://m.gmw.cn/toutiao/2020-09/21/content_1301586542.htm,,,,
90,http://hb.dzwww.com/p/4016458.html,,,,
